date,open,close,high,low,volume
2020-01-02,3066.335,3085.197,3098.1,3066.335,29247020800
2020-01-03,3089.022,3083.785,3093.819,3074.517,26149666816
2020-01-06,3070.908,3083.408,3107.203,3065.308,31257584128
2020-01-07,3085.488,3104.801,3105.45,3084.329,27658311168
2020-01-08,3094.238,3066.892,3094.238,3059.131,29787255296
2020-01-09,3082.639,3094.881,3097.329,3080.131,24343564800
2020-01-10,3102.293,3092.29,3105.224,3081.396,21044246272
2020-01-13,3091.493,3115.569,3115.569,3075.383,21062100480
2020-01-14,3120.666,3106.82,3127.169,3105.604,22997377024
2020-01-15,3103.174,3090.037,3107.942,3082.042,20231302400
2020-01-16,3095.734,3074.081,3096.371,3070.884,20337547520
2020-01-17,3081.464,3075.495,3091.951,3067.252,19030429952
2020-01-20,3082.113,3095.787,3096.31,3070.48,21049334016
2020-01-21,3085.789,3052.141,3085.789,3051.23,23483073792
2020-01-22,3038.486,3060.754,3069.252,3006.267,22385286400
2020-01-23,3037.952,2976.528,3045.04,2955.346,27276323328
2020-02-03,2716.697,2746.605,2766.577,2716.697,21591210240
2020-02-04,2685.269,2783.287,2786.164,2685.269,36404620032
2020-02-05,2792.371,2818.087,2842.742,2778.864,30976182272
2020-02-06,2826.885,2866.509,2876.587,2807.609,31639214336
2020-02-07,2858.932,2875.963,2875.963,2838.77,30947964160
2020-02-10,2860.499,2890.487,2891.847,2851.05,29492978432
2020-02-11,2894.541,2901.674,2913.815,2882.242,26916833536
2020-02-12,2895.556,2926.899,2926.899,2892.424,24873342976
2020-02-13,2927.144,2906.073,2935.406,2901.242,27480484352
2020-02-14,2899.865,2917.007,2926.942,2899.573,25065062656
2020-02-17,2924.991,2983.622,2983.637,2924.991,31319800832
2020-02-18,2981.409,2984.971,2990.6,2960.775,31166591232
2020-02-19,2979.522,2975.401,2998.271,2971.821,31514115072
2020-02-20,2981.88,3030.154,3031.37,2968.445,34573288192
2020-02-21,3022.245,3039.669,3058.898,3020.141,36455727616
2020-02-24,3027.892,3031.233,3042.182,3007.355,37043004416
2020-02-25,2982.069,3013.05,3016.945,2943.716,44162276096
2020-02-26,2978.419,2987.928,3028.778,2974.942,46904955136
2020-02-27,2992.491,2991.328,3009.457,2980.477,35052365824
2020-02-28,2924.64,2880.303,2948.126,2878.544,40121691392
2020-03-02,2899.31,2970.931,2982.506,2899.31,36733336832
2020-03-03,3006.888,2992.896,3026.842,2976.623,41010804736
2020-03-04,2981.806,3011.665,3012.003,2974.358,35333827840
2020-03-05,3036.154,3071.677,3074.257,3022.926,44542580736
2020-03-06,3039.939,3034.511,3052.443,3029.463,36206153216
2020-03-09,2987.1805,2943.2907,2989.2051,2940.7138,41456073600
2020-03-10,2918.9347,2996.7618,3000.2963,2904.7989,39329664800
2020-03-11,3001.7616,2968.5174,3010.0286,2968.5174,35247097000
2020-03-12,2936.0163,2923.4856,2944.4651,2906.2838,30777845700
2020-03-13,2804.2322,2887.4265,2910.8812,2799.9841,36645043600
2020-03-16,2897.3009,2789.2537,2898.0349,2784.6616,35187866500
2020-03-17,2796.284,2779.6407,2826.9068,2715.2213,30614967700
2020-03-18,2792.3221,2728.7563,2815.8737,2728.7563,29115985200
2020-03-19,2719.4063,2702.1296,2736.82,2646.8048,30230274700
2020-03-20,2727.0186,2745.6182,2751.8964,2702.4933,25201950700
2020-03-23,2677.591,2660.1674,2703.3295,2656.5008,24982025000
2020-03-24,2703.0193,2722.4381,2723.4066,2667.1333,25702193000
2020-03-25,2775.3032,2781.5913,2788.6354,2757.8016,27314446600
2020-03-26,2761.8961,2764.9109,2788.5038,2753.4282,23408402200
2020-03-27,2792.9843,2772.2033,2805.5479,2771.7563,24076406600
2020-03-30,2739.7191,2747.2138,2759.0989,2723.0543,23970660400
2020-03-31,2767.3072,2750.2962,2771.1683,2743.1154,21859867400
2020-04-01,2743.5409,2734.5215,2773.3641,2731.0794,21725342700
2020-04-02,2720.2284,2780.6379,2780.6379,2719.9043,21786460000
2020-04-03,2773.5764,2763.9874,2780.5868,2754.0731,20083740400
2020-04-07,2806.9676,2820.7634,2823.2767,2801.8386,27019818600
2020-04-08,2805.9166,2815.3686,2823.2139,2800.2963,24351530500
2020-04-09,2825.8393,2825.9036,2832.395,2820.4326,23818484300
2020-04-10,2827.1873,2796.6312,2833.0148,2789.9756,23345476800
2020-04-13,2784.5979,2783.0476,2792.8906,2774.0808,17712455400
2020-04-14,2794.801,2827.283,2827.2981,2789.4279,20269656900
2020-04-15,2826.6618,2811.1741,2829.7503,2808.7039,20562114600
2020-04-16,2798.4295,2819.935,2823.3382,2796.8388,20300377300
2020-04-17,2835.5581,2838.4945,2854.9599,2830.0217,24573675000
2020-04-20,2840.4085,2852.5528,2852.99,2833.2615,21184707800
2020-04-21,2842.2372,2827.0133,2842.2372,2808.0214,23323587000
2020-04-22,2814.0661,2843.9804,2843.9804,2808.4819,21732000000
2020-04-23,2850.5104,2838.4994,2853.6357,2835.8961,24877903700
2020-04-24,2834.9387,2808.5293,2834.9387,2802.4989,23518507600
2020-04-27,2812.2422,2815.4947,2832.6662,2802.9579,21013098100
2020-04-28,2819.9914,2810.0243,2821.745,2758.2459,25387274500
2020-04-29,2801.383,2822.4424,2831.7642,2800.7379,20206180700
2020-04-30,2832.3843,2860.0822,2865.59,2832.3843,24245527800
2020-05-06,2831.6326,2878.1402,2879.2634,2830.6536,24982661600
2020-05-07,2876.4727,2871.5232,2882.0222,2864.5813,22673695700
2020-05-08,2882.7078,2895.3444,2903.7967,2879.2034,22682207500
2020-05-11,2901.5739,2894.802,2914.2838,2884.3806,22512041000
2020-05-12,2894.6171,2891.5564,2897.9018,2871.23,19708298500
2020-05-13,2882.9552,2898.0495,2900.2587,2875.5354,18506131000
2020-05-14,2887.0577,2870.3422,2887.0577,2869.1832,19777620200
2020-05-15,2880.7067,2868.4587,2884.2199,2863.3698,18898359200
2020-05-18,2872.5244,2875.4176,2889.9795,2862.2709,22602288200
2020-05-19,2897.6867,2898.576,2900.2187,2887.5768,19722240500
2020-05-20,2896.4657,2883.7378,2896.4657,2876.1766,21051998500
2020-05-21,2890.7213,2867.9237,2891.5177,2864.2073,20353203800
2020-05-22,2863.0462,2813.7654,2863.0462,2808.0177,20906371200
2020-05-25,2816.241,2817.9697,2821.4978,2802.4653,17288555700
2020-05-26,2827.8967,2846.5473,2848.3371,2825.901,17456236900
2020-05-27,2847.3198,2836.8036,2848.9965,2831.9281,19814934300
2020-05-28,2838.2072,2846.2217,2861.9241,2820.1455,20754601900
2020-05-29,2835.584,2852.3512,2855.3756,2829.6271,20679280400
2020-06-01,2871.9641,2915.4311,2917.1508,2871.9641,26019605000
2020-06-02,2916.3168,2921.398,2926.3588,2909.1277,25610804900
2020-06-03,2930.3906,2923.3711,2942.7597,2922.6612,25566398000
2020-06-04,2931.8376,2919.2506,2932.9677,2910.7516,22660587300
2020-06-05,2923.1891,2930.7993,2930.7993,2909.1181,21736067300
2020-06-08,2941.9816,2937.7712,2950.0656,2934.2103,23112436000
2020-06-09,2939.5351,2956.1116,2957.1186,2932.9385,20904858500
2020-06-10,2951.2784,2943.7525,2951.3298,2934.8428,20792596900
2020-06-11,2939.7914,2920.8968,2952.651,2912.1932,23372294700
2020-06-12,2876.8029,2919.7408,2930.255,2872.6165,23600864200
2020-06-15,2908.2767,2890.0306,2922.5364,2890.0306,24320504600
2020-06-16,2912.8251,2931.7493,2931.7791,2909.1341,22331306500
2020-06-17,2932.6708,2935.873,2936.6162,2919.0353,23465439100
2020-06-18,2929.8799,2939.3151,2942.8983,2920.1054,25869137700
2020-06-19,2938.7887,2967.6341,2973.3164,2935.8239,26431396100
2020-06-22,2966.9008,2965.2717,2983.4382,2959.035,26788383400
2020-06-23,2960.8875,2970.6203,2972.4025,2949.8469,22521220800
2020-06-24,2972.9827,2979.5505,2982.9425,2971.2235,21320073200
2020-06-29,2973.0757,2961.5164,2977.9122,2951.7702,22062272900
2020-06-30,2965.1054,2984.6741,2990.8253,2965.1054,21495721400
2020-07-01,2991.1813,3025.981,3026.1862,2984.9841,27331314000
2020-07-02,3023.7189,3090.5693,3092.4432,3021.6736,39112799600
2020-07-03,3103.9952,3152.8126,3152.8126,3103.9952,45879385100
2020-07-06,3187.8393,3332.8807,3337.2723,3187.8393,64387890600
2020-07-07,3380.9536,3345.3369,3407.0811,3336.2416,65784015900
2020-07-08,3337.5518,3403.4401,3421.5312,3327.7062,58708168500
2020-07-09,3403.4832,3450.5935,3456.9721,3393.6379,62000182300
2020-07-10,3418.9347,3383.3222,3433.1085,3372.5066,55612001100
2020-07-13,3379.3867,3443.2863,3458.7914,3369.0378,55800687500
2020-07-14,3435.0237,3414.6186,3451.2224,3366.0828,54321149200
2020-07-15,3422.0778,3361.3044,3432.4506,3345.7488,49203054200
2020-07-16,3356.359,3210.0986,3373.5317,3209.7272,49061312300
2020-07-17,3214.4022,3214.1287,3252.7786,3181.2745,35965241300
2020-07-20,3243.9105,3314.149,3314.149,3220.684,41855530600
2020-07-21,3330.5467,3320.8947,3336.6791,3300.5719,35925202900
2020-07-22,3315.1816,3333.1635,3381.9757,3311.7862,39333533500
2020-07-23,3306.1489,3325.1102,3336.3002,3257.8269,40704249900
2020-07-24,3310.6449,3196.7684,3319.1268,3184.9645,42705402600
2020-07-27,3210.3863,3205.2268,3221.9846,3174.6583,29931902100
2020-07-28,3226.1329,3227.9604,3245.2967,3208.4939,28937786100
2020-07-29,3221.9883,3294.5521,3294.5521,3209.9902,32492406200
2020-07-30,3299.5718,3286.822,3312.4508,3282.1617,34070412100
2020-07-31,3280.7959,3310.0065,3333.7859,3261.6135,35375897900
2020-08-03,3332.1826,3367.9658,3368.1028,3327.6773,40746086700
2020-08-04,3376.4402,3371.6875,3391.0743,3352.5017,44232855100
2020-08-05,3363.3324,3377.5648,3383.6365,3333.877,38582302700
2020-08-06,3380.7621,3386.4631,3392.7048,3334.3341,41530251000
2020-08-07,3370.5878,3354.0352,3374.133,3307.7127,40392963300
2020-08-10,3341.5276,3379.2524,3399.9323,3335.0427,38137963000
2020-08-11,3379.4874,3340.29,3409.0589,3336.0945,40045270600
2020-08-12,3327.4929,3319.2656,3335.729,3263.2653,37832895900
2020-08-13,3328.1754,3320.7261,3338.1518,3309.4629,32429127800
2020-08-14,3315.6687,3360.0988,3362.0267,3302.7357,30599837600
2020-08-17,3373.9018,3438.801,3450.8987,3369.3742,43459826000
2020-08-18,3441.9337,3451.0894,3456.7206,3432.6402,38072927500
2020-08-19,3444.5646,3408.1288,3454.4613,3406.1642,40572221400
2020-08-20,3385.9645,3363.8988,3394.557,3352.7767,33560098200
2020-08-21,3380.2269,3380.6825,3393.9175,3358.0005,28748834000
2020-08-24,3391.1132,3385.6383,3396.5663,3368.0258,26622784100
2020-08-25,3392.8797,3373.5781,3408.8697,3364.1602,27711342100
2020-08-26,3371.8083,3329.7388,3382.6032,3320.1355,29445103600
2020-08-27,3333.4909,3350.1128,3351.8324,3312.9859,23709935300
2020-08-28,3346.2893,3403.8066,3405.8768,3339.6494,27132554900
2020-08-31,3416.5497,3395.6775,3442.7363,3395.4675,32347389000
2020-09-01,3389.7424,3410.6068,3410.6068,3381.7108,24699924900
2020-09-02,3420.4693,3404.8017,3421.3959,3377.2111,26154631900
2020-09-03,3404.0319,3384.9806,3425.6294,3374.2634,25534627900
2020-09-04,3336.4076,3355.3666,3360.1061,3328.5518,22163655000
2020-09-07,3349.9184,3292.5907,3368.2446,3285.6326,26061656700
2020-09-08,3301.2173,3316.417,3324.3929,3276.4431,27106627800
2020-09-09,3280.9974,3254.6279,3289.6148,3238.5606,35150974700
2020-09-10,3282.232,3234.8234,3285.4731,3227.6435,31247280400
2020-09-11,3225.7836,3260.3461,3262.4976,3220.5363,22169883000
2020-09-14,3275.9181,3278.8138,3283.5325,3261.1479,21392413700
2020-09-15,3277.1284,3295.6795,3297.6904,3263.7522,19768440000
2020-09-16,3293.1678,3283.9244,3302.4556,3271.075,20044336400
2020-09-17,3277.3238,3270.435,3290.4094,3248.499,20293197200
2020-09-18,3270.911,3338.0897,3338.3243,3268.526,25626078800
2020-09-21,3348.8988,3316.9351,3350.5893,3313.0714,21650309300
2020-09-22,3290.6656,3274.3015,3320.2278,3265.7025,21401506500
2020-09-23,3278.8358,3279.7105,3289.7624,3264.8907,16917806800
2020-09-24,3262.879,3223.1764,3265.3451,3221.2365,20673601100
2020-09-25,3234.3739,3219.4179,3239.4662,3208.0349,16482241900
2020-09-28,3224.9769,3217.5346,3238.1825,3210.8925,15598278300
2020-09-29,3231.8551,3224.3593,3242.7937,3219.7902,15134987000
2020-09-30,3232.7104,3218.0521,3244.9134,3202.3435,15350445700
2020-10-09,3262.6105,3272.0762,3280.5124,3260.1873,18832564800
2020-10-12,3287.3281,3358.4652,3359.1526,3286.1111,25962240800
2020-10-13,3353.1213,3359.7499,3361.8315,3334.4989,20492610300
2020-10-14,3353.6247,3340.7782,3353.6247,3332.9635,19865938200
2020-10-15,3342.9222,3332.1832,3354.5784,3330.0014,19103128200
2020-10-16,3334.4568,3336.3582,3348.9543,3319.11,19429542100
2020-10-19,3351.0961,3312.6671,3371.0862,3307.8407,21230354000
2020-10-20,3307.1498,3328.1029,3328.1029,3293.7662,16508476200
2020-10-21,3332.147,3325.0247,3332.147,3304.1693,17763211500
2020-10-22,3315.8206,3312.5005,3320.8787,3281.3662,16594998700
2020-10-23,3308.1581,3277.9972,3326.0489,3276.6197,17420898200
2020-10-26,3258.7028,3251.1188,3264.4464,3226.6018,16773179500
2020-10-27,3240.7395,3254.3157,3258.3369,3235.5443,14911556600
2020-10-28,3256.2225,3269.238,3275.8714,3238.382,17318196500
2020-10-29,3235.7647,3272.7274,3289.7655,3231.1243,18470358900
2020-10-30,3278.6312,3224.5325,3279.8563,3219.4216,23018880300
2020-11-02,3228.715,3225.1196,3242.8041,3209.9094,22677913700
2020-11-03,3239.8063,3271.0744,3278.3806,3237.8539,21529786400
2020-11-04,3273.4326,3277.4402,3286.6212,3254.1113,18851412800
2020-11-05,3305.5798,3320.1333,3320.408,3291.6,22680146200
2020-11-06,3326.4645,3312.159,3326.4645,3292.1507,23486413200
2020-11-09,3329.4285,3373.7337,3380.8235,3329.4285,31021977100
2020-11-10,3387.6219,3360.1485,3387.6219,3346.1715,27870111300
2020-11-11,3354.0247,3342.2025,3365.836,3339.0407,27120465300
2020-11-12,3344.4562,3338.6788,3350.2848,3329.485,21650130900
2020-11-13,3327.2293,3310.1046,3327.2293,3291.6425,22789836400
2020-11-16,3325.6209,3346.9692,3346.9692,3313.6469,27959376100
2020-11-17,3347.1513,3339.895,3347.6979,3323.9506,28363247900
2020-11-18,3337.3315,3347.3034,3358.8938,3333.9916,28753125900
2020-11-19,3339.0864,3363.0876,3367.3328,3330.4496,25326299200
2020-11-20,3359.5966,3377.7267,3380.1489,3356.3086,26127121900
2020-11-23,3384.1039,3414.4899,3431.6529,3377.9862,37387204700
2020-11-24,3407.4087,3402.8225,3413.9263,3396.2436,30099414400
2020-11-25,3417.515,3362.3274,3423.4853,3362.3274,32211020700
2020-11-26,3360.0609,3369.7334,3371.4537,3344.2822,25588682200
2020-11-27,3373.8434,3408.3071,3408.3071,3364.4919,28064989400
2020-11-30,3418.1583,3391.7551,3456.7365,3391.7551,38498996800
2020-12-01,3388.9867,3451.9384,3457.6354,3386.9113,31618898000
2020-12-02,3453.5181,3449.3805,3465.7288,3435.8712,31281111400
2020-12-03,3448.5403,3442.1359,3452.1612,3428.8044,29845993000
2020-12-04,3436.7291,3444.5814,3448.4036,3417.0484,25627670500
2020-12-07,3446.6478,3416.6037,3449.5782,3414.3142,25452250800
2020-12-08,3417.6936,3410.1771,3428.6618,3403.0263,22690732800
2020-12-09,3416.0782,3371.964,3422.536,3371.9156,26074742400
2020-12-10,3365.731,3373.2758,3384.8875,3357.7531,24730830400
2020-12-11,3381.008,3347.191,3383.1783,3325.172,29861715800
2020-12-14,3349.534,3369.1201,3371.1291,3338.6263,23980792600
2020-12-15,3366.5813,3367.2326,3373.5579,3348.4192,22566740200
2020-12-16,3371.2632,3366.9832,3378.6626,3359.1705,22081397600
2020-12-17,3367.277,3404.8732,3406.1547,3354.0112,27546363100
2020-12-18,3400.4855,3394.896,3413.8134,3382.7508,28099264100
2020-12-21,3394.3945,3420.5693,3423.6088,3381.1158,28375979400
2020-12-22,3410.9678,3356.7822,3415.7538,3353.8581,32303765400
2020-12-23,3362.4721,3382.3195,3394.2089,3360.2019,29952352700
2020-12-24,3382.193,3363.1133,3394.0746,3354.0215,27504445000
2020-12-25,3351.7901,3396.5626,3397.0066,3348.3453,29454689500
2020-12-28,3396.359,3397.2854,3412.5193,3383.654,31618154200
2020-12-29,3399.2939,3379.0362,3407.0884,3376.0876,31176918500
2020-12-30,3375.0086,3414.4527,3414.4539,3374.4156,29102354300
2020-12-31,3419.7267,3473.0693,3474.9182,3419.7267,33567392600
2021-01-04,3474.6793,3502.9584,3511.6554,3457.2061,38079080000
2021-01-05,3492.1912,3528.6767,3528.6767,3484.7151,40799593400
2021-01-06,3530.9072,3550.8767,3556.8022,3513.1262,37023092600
2021-01-07,3552.9087,3576.2046,3576.2046,3526.6174,40534822600
2021-01-08,3577.6923,3570.1082,3588.0625,3544.8912,34555789600
2021-01-11,3571.3212,3531.4978,3597.7022,3516.9862,36247915400
2021-01-12,3518.0106,3608.3389,3608.3389,3517.4689,32340615300
2021-01-13,3613.281,3598.6518,3622.3475,3575.5945,38812779100
2021-01-14,3584.9324,3565.9046,3599.0584,3559.6001,34766681900
2021-01-15,3566.2847,3566.3778,3589.2655,3533.7882,32461274400
2021-01-18,3554.7977,3596.2237,3608.7665,3544.2614,30165256500
2021-01-19,3596.3564,3566.3814,3603.1477,3553.0236,32343954100
2021-01-20,3564.121,3583.092,3589.9624,3556.4425,27227166100
2021-01-21,3590.9247,3621.2641,3636.2444,3585.8017,32746699500
2021-01-22,3616.5401,3606.7496,3616.5401,3585.0339,32446308400
2021-01-25,3605.3611,3624.2381,3637.1002,3591.0204,32734107000
2021-01-26,3610.9686,3569.429,3610.9686,3564.7415,27813988400
2021-01-27,3567.5485,3573.3412,3578.7968,3546.492,26410716100
2021-01-28,3534.6685,3505.1759,3549.544,3496.8788,27086246100
2021-01-29,3521.7175,3483.0692,3531.5981,3446.5471,29366266400
2021-02-01,3477.1715,3505.2836,3506.3889,3469.875,27756790100
2021-02-02,3510.8084,3533.6849,3535.502,3495.5681,26454063000
2021-02-03,3531.149,3517.308,3544.0092,3508.5069,29735171600
2021-02-04,3503.7785,3501.8592,3524.7219,3465.7706,29883485400
2021-02-05,3509.4874,3496.3329,3536.5417,3492.9624,29014617400
2021-02-08,3504.5631,3532.4467,3542.2075,3492.1286,24979961900
2021-02-09,3539.7726,3603.489,3604.0112,3528.6755,25382176000
2021-02-10,3612.6125,3655.088,3662.7655,3612.5049,25794082400
2021-02-18,3721.0865,3675.3571,3731.687,3663.6637,34030906500
2021-02-19,3661.7834,3696.168,3699.6502,3634.0149,36105980400
2021-02-22,3707.1912,3642.4449,3717.2669,3642.4449,48882147800
2021-02-23,3617.7013,3636.3573,3672.1511,3617.7013,39887317400
2021-02-24,3638.9359,3564.0799,3645.6474,3531.5936,36215895200
2021-02-25,3595.5424,3585.0458,3608.5568,3568.4735,36623229900
2021-02-26,3514.5648,3509.0804,3550.4055,3500.7036,33328006700
2021-03-01,3531.4802,3551.3998,3552.5665,3511.9888,31548752600
2021-03-02,3566.852,3508.5912,3566.852,3485.3635,33983048600
2021-03-03,3500.1576,3576.9045,3577.6218,3498.7192,34765684600
2021-03-04,3546.6406,3503.4916,3552.2024,3487.3757,39361612000
2021-03-05,3463.3086,3501.9867,3523.5682,3456.6668,35640922300
2021-03-08,3524.983,3421.4141,3542.3039,3421.2153,38704795400
2021-03-09,3415.3391,3359.292,3429.1503,3328.3119,40765253900
2021-03-10,3389.8388,3357.7372,3397.0251,3354.823,29974916600
2021-03-11,3369.9024,3436.8313,3436.8313,3369.9024,32211204400
2021-03-12,3447.2033,3453.0777,3454.5064,3417.2389,35802703500
2021-03-15,3441.882,3419.9456,3457.4892,3392.5089,36781329300
2021-03-16,3424.6524,3446.7334,3448.8829,3406.1746,31666874700
2021-03-17,3435.7319,3445.5509,3454.0562,3410.2815,28005981800
2021-03-18,3449.6413,3463.0681,3478.1447,3449.3774,28440389100
2021-03-19,3423.8733,3404.6634,3439.5236,3389.2929,30916171600
2021-03-22,3406.1227,3443.4392,3443.6596,3404.2341,31255908400
2021-03-23,3445.3408,3411.5088,3445.4159,3390.0477,32638940900
2021-03-24,3394.1283,3367.0606,3415.2949,3362.1847,31739869700
2021-03-25,3355.0706,3363.5915,3382.226,3344.9695,27067609700
2021-03-26,3373.3171,3418.3267,3423.2231,3373.3171,27461498700
2021-03-29,3429.6322,3435.2958,3449.8338,3409.8868,28482424300
2021-03-30,3432.5288,3456.6766,3457.6345,3423.3154,28542308100
2021-03-31,3452.2078,3441.9115,3452.2078,3420.8321,28304926100
2021-04-01,3444.8102,3466.3315,3470.0311,3438.8255,27524429500
2021-04-02,3472.6276,3484.3924,3487.5862,3462.8321,26265487300
2021-04-06,3491.6336,3482.9674,3493.2806,3471.761,23474667100
2021-04-07,3483.4211,3479.6256,3483.4211,3453.1947,29578697800
2021-04-08,3467.4871,3482.5548,3495.9086,3459.3246,33175532900
2021-04-09,3475.4434,3450.6772,3475.4467,3442.1392,28008519600
2021-04-12,3445.9696,3412.9477,3456.1581,3403.9012,30957723900
2021-04-13,3411.2928,3396.47,3425.3945,3387.902,27062605400
2021-04-14,3397.021,3416.7212,3420.0278,3392.9751,23324232700
2021-04-15,3409.6139,3398.9875,3409.6139,3373.0939,23400505400
2021-04-16,3407.188,3426.6178,3432.6286,3394.1344,25857967200
2021-04-19,3427.548,3477.5485,3479.0099,3414.3564,30273581900
2021-04-20,3467.1481,3472.9427,3494.2983,3463.4637,28530008200
2021-04-21,3456.2991,3472.9298,3481.2511,3450.1113,25377785900
2021-04-22,3482.8328,3465.1138,3485.3585,3456.3156,25111451000
2021-04-23,3462.0858,3474.166,3482.3587,3456.3329,24936043300
2021-04-26,3484.1072,3441.1658,3497.1208,3438.5724,27697077100
2021-04-27,3440.0911,3442.6111,3443.8538,3417.2647,25303239300
2021-04-28,3432.1612,3457.0683,3457.0683,3423.325,24738112000
2021-04-29,3458.0819,3474.9011,3478.2278,3447.5878,27663138700
2021-04-30,3468.3022,3446.8564,3469.0872,3426.9023,31266035400
2021-05-06,3446.0743,3441.2826,3471.2396,3426.8487,31042419200
2021-05-07,3446.407,3418.8741,3457.8924,3416.7755,35378538900
2021-05-10,3423.5896,3427.9909,3429.7359,3401.9346,37417088400
2021-05-11,3406.598,3441.8454,3448.0959,3384.6966,35093411200
2021-05-12,3429.7544,3462.7513,3466.3708,3428.3944,31144454700
2021-05-13,3432.138,3429.5361,3448.0169,3418.3846,31932532700
2021-05-14,3436.0919,3490.3762,3490.6437,3422.5649,33698230900
2021-05-17,3490.4091,3517.6158,3530.5055,3490.1438,32213596900
2021-05-18,3520.6488,3529.0144,3529.0144,3510.862,27130855800
2021-05-19,3521.1097,3510.9647,3521.1097,3503.8151,27832111700
2021-05-20,3500.8773,3506.9444,3517.7399,3486.0662,32600933300
2021-05-21,3510.8353,3486.5569,3518.3769,3479.6744,28382628500
2021-05-24,3486.2711,3497.2821,3498.3037,3469.8746,28950924200
2021-05-25,3502.539,3581.3418,3584.5774,3502.4429,34124112700
2021-05-26,3586.8388,3593.357,3603.4881,3585.3695,34198028800
2021-05-27,3585.7337,3608.8507,3626.3584,3579.2601,30955148600
2021-05-28,3610.7668,3600.7844,3622.1801,3582.358,34920883000
2021-05-31,3600.0702,3615.4773,3615.6568,3580.6524,33152377000
2021-06-01,3608.5978,3624.7138,3626.0737,3581.9115,35281141300
2021-06-02,3626.3283,3597.1379,3629.2896,3584.5955,34855842000
2021-06-03,3595.4215,3584.2121,3618.5067,3584.2054,35423303100
2021-06-04,3565.4716,3591.8447,3618.8001,3561.8907,33089303800
2021-06-07,3597.1413,3599.541,3600.3759,3581.8988,30371867700
2021-06-08,3598.7527,3580.1063,3621.5227,3563.2503,30449147000
2021-06-09,3576.8015,3591.3965,3598.7082,3572.6364,29832329600
2021-06-10,3587.5282,3610.859,3624.3433,3584.1332,31817480800
2021-06-11,3614.1134,3589.7481,3614.4038,3587.1491,36055497000
2021-06-15,3587.4658,3556.559,3592.9465,3547.187,34916856600
2021-06-16,3556.7139,3518.3292,3561.0921,3513.5592,31259730600
2021-06-17,3508.317,3525.6042,3534.1976,3507.3535,27722991800
2021-06-18,3520.4966,3525.0968,3535.6221,3503.1833,29670858500
2021-06-21,3515.5006,3529.1826,3540.2959,3504.0075,28089827700
2021-06-22,3539.7876,3557.412,3560.1946,3536.812,30753639900
2021-06-23,3559.3988,3566.2199,3577.4661,3549.8482,31070951800
2021-06-24,3568.5758,3566.6539,3570.4874,3548.8161,33544075400
2021-06-25,3567.3772,3607.5618,3614.2981,3564.5199,34608783200
2021-06-28,3612.2469,3606.3722,3614.3574,3594.2174,32127497400
2021-06-29,3601.6772,3573.1779,3601.8265,3570.5253,30607117800
2021-06-30,3572.6236,3591.197,3594.1185,3569.501,26816281800
2021-07-01,3600.5464,3588.7816,3607.7049,3573.9374,29188319200
2021-07-02,3569.8919,3518.7595,3569.8919,3514.3386,29194554800
2021-07-05,3516.9228,3534.3222,3534.3222,3510.5781,28809483700
2021-07-06,3533.1304,3530.2589,3538.347,3496.9276,31407021100
2021-07-07,3508.5901,3553.7155,3557.879,3504.4723,31883918900
2021-07-08,3557.2177,3525.5039,3558.6772,3521.0579,35087785700
2021-07-09,3512.2334,3524.0881,3529.3098,3485.0543,34988431700
2021-07-12,3545.1977,3547.8362,3565.0321,3527.3927,40363955800
2021-07-13,3547.5897,3566.5225,3567.4813,3542.8154,36241671100
2021-07-14,3560.8281,3528.5011,3560.8281,3525.4938,37222172200
2021-07-15,3519.063,3564.5902,3565.9347,3514.258,36325916400
2021-07-16,3559.526,3539.3038,3565.9992,3537.7288,36601477900
2021-07-19,3530.4932,3539.1225,3544.8793,3506.3423,33676094600
2021-07-20,3515.0718,3536.7905,3538.6361,3509.1916,29378059400
2021-07-21,3543.0534,3562.6611,3569.0898,3543.0534,33897874800
2021-07-22,3563.6608,3574.7344,3576.4732,3558.2933,38106705400
2021-07-23,3571.7152,3550.3964,3571.8541,3541.5101,44642124600
2021-07-26,3538.0143,3467.4409,3538.0143,3424.7424,44288220300
2021-07-27,3467.4473,3381.1833,3483.8738,3380.2763,46907544300
2021-07-28,3355.8189,3361.5895,3385.536,3312.7206,39582541900
2021-07-29,3403.8383,3411.724,3416.6071,3382.571,34456942800
2021-07-30,3398.196,3397.3574,3404.8813,3370.4506,38144095600
2021-08-02,3385.6902,3464.2854,3464.2914,3367.643,43292787100
2021-08-03,3446.7841,3447.9914,3470.6571,3435.4619,40069808100
2021-08-04,3442.9368,3477.2186,3477.5972,3440.7835,34874421800
2021-08-05,3461.7185,3466.5491,3486.1572,3449.3885,34843692200
2021-08-06,3465.4842,3458.2277,3466.3904,3436.9317,33682440000
2021-08-09,3441.7502,3494.6348,3502.841,3438.703,34991009400
2021-08-10,3488.6642,3529.9309,3529.9309,3477.0641,34511299200
2021-08-11,3527.1093,3532.6213,3544.0941,3524.0444,38378355400
2021-08-12,3522.7238,3524.7374,3538.396,3513.4457,38107459300
2021-08-13,3514.4671,3516.2989,3540.0799,3500.7995,37818728200
2021-08-16,3514.3445,3517.3447,3537.85,3510.8976,39109972100
2021-08-17,3512.109,3446.976,3531.7249,3438.1233,42288580400
2021-08-18,3442.3472,3485.2859,3487.4364,3437.6908,38920375600
2021-08-19,3475.298,3465.5546,3480.4598,3446.0146,38238303100
2021-08-20,3442.5062,3427.3338,3453.1531,3394.9723,39113691800
2021-08-23,3436.7963,3477.1321,3481.2543,3436.6706,38472744000
2021-08-24,3482.2658,3514.471,3522.6973,3481.1409,43023646300
2021-08-25,3517.9151,3540.3837,3540.3948,3510.0664,45004701900
2021-08-26,3537.3139,3501.6643,3537.3155,3499.4529,50290314700
2021-08-27,3494.4176,3522.1567,3530.1927,3493.375,45534590600
2021-08-30,3535.0727,3528.1512,3539.494,3512.9929,51278571600
2021-08-31,3519.0245,3543.9402,3543.9402,3496.3891,52420505600
2021-09-01,3543.8663,3567.1008,3582.3236,3514.6744,66727630500
2021-09-02,3559.9025,3597.0426,3597.3656,3557.6769,57268403900
2021-09-03,3602.7421,3581.7344,3613.948,3569.3989,61453235300
2021-09-06,3580.1413,3621.8593,3626.2865,3580.1413,52171327600
2021-09-07,3621.7099,3676.5866,3681.9254,3615.1444,54772187500
2021-09-08,3673.4023,3675.1865,3695.3204,3660.9998,58643619300
2021-09-09,3666.8246,3693.1296,3693.4499,3662.1633,60481033000
2021-09-10,3691.1856,3703.1103,3722.8732,3681.6415,63520043300
2021-09-13,3699.2534,3715.3723,3716.8315,3692.8157,55748401900
2021-09-14,3709.6336,3662.6015,3723.8451,3655.6341,56495238600
2021-09-15,3651.1583,3656.2232,3677.5265,3638.3225,47497000100
2021-09-16,3664.841,3607.0922,3677.9198,3606.7276,54674147400
2021-09-17,3595.2715,3613.9663,3620.9575,3569.2707,51685021000
2021-09-22,3563.2074,3628.4897,3629.4539,3560.5033,47229605300
2021-09-23,3651.2661,3642.2204,3670.9542,3632.2822,53499548600
2021-09-24,3637.8677,3613.0673,3651.4294,3607.7919,50730477200
2021-09-27,3625.9597,3582.8307,3640.8077,3559.9154,51080279500
2021-09-28,3577.8859,3602.2184,3610.917,3568.8189,44416880700
2021-09-29,3573.5178,3536.2944,3573.5178,3518.0477,45251115100
2021-09-30,3541.9283,3568.1668,3572.4259,3541.9283,39562962600
2021-10-08,3609.0874,3592.1666,3612.5539,3571.7338,40716114800
2021-10-11,3600.3569,3591.7087,3614.6988,3586.7487,39436115900
2021-10-12,3581.2967,3546.9362,3583.6391,3515.1408,40539374800
2021-10-13,3543.4918,3561.7623,3569.1332,3515.6481,32505066700
2021-10-14,3555.1085,3558.2795,3569.6864,3547.182,29496919600
2021-10-15,3551.9874,3572.3662,3578.7661,3542.6932,32029298400
2021-10-18,3571.0482,3568.1379,3571.0482,3539.4779,34095061600
2021-10-19,3562.2955,3593.1533,3596.7875,3560.6221,33419765200
2021-10-20,3583.2364,3587.0009,3596.0499,3574.2957,34424500800
2021-10-21,3590.0496,3594.7831,3610.9602,3576.3547,35231086700
2021-10-22,3594.7457,3582.6036,3607.5776,3578.7602,35315720300
2021-10-25,3574.2631,3609.8626,3611.0908,3564.2059,32119681600
2021-10-26,3612.8332,3597.6377,3625.0156,3589.706,33727829100
2021-10-27,3589.8573,3562.3052,3589.8573,3553.1277,35062094000
2021-10-28,3548.7021,3518.4166,3552.0419,3509.4872,37817166600
2021-10-29,3519.3276,3547.3361,3547.3361,3502.8013,35880937700
2021-11-01,3530.3963,3544.4795,3556.59,3519.2901,38225132500
2021-11-02,3543.3827,3505.6283,3559.0478,3477.664,41756317300
2021-11-03,3501.1051,3498.5368,3512.6089,3480.4877,30660766900
2021-11-04,3505.8944,3526.8657,3527.9517,3503.0059,31944082900
2021-11-05,3520.2073,3491.5677,3525.8723,3491.4565,35453356500
2021-11-08,3491.9709,3498.6308,3507.2744,3484.2399,29818372200
2021-11-09,3507.1075,3507.0018,3514.9512,3489.0431,28731598900
2021-11-10,3498.9445,3492.4616,3498.9445,3448.4378,30703070800
2021-11-11,3486.451,3532.7858,3534.1991,3482.8291,32208795700
2021-11-12,3534.1512,3539.1002,3543.648,3527.3896,30868335400
2021-11-15,3542.9034,3533.3026,3550.4438,3521.2924,31301761200
2021-11-16,3530.4575,3521.7867,3549.7654,3517.8065,31039990900
2021-11-17,3518.5646,3537.3662,3537.5125,3513.523,27673567100
2021-11-18,3531.4923,3520.7106,3537.9758,3513.1136,31242692700
2021-11-19,3519.2758,3560.3734,3561.9127,3517.6514,31798997600
2021-11-22,3562.7628,3582.0797,3585.1876,3562.7505,33000938500
2021-11-23,3580.5058,3589.0894,3598.3749,3577.3608,36001159300
2021-11-24,3590.0189,3592.7025,3602.7354,3575.2884,33677524600
2021-11-25,3593.3883,3584.1788,3597.1478,3579.5333,30645151800
2021-11-26,3576.1136,3564.0894,3576.1136,3554.8798,30100006600
2021-11-29,3528.672,3562.6968,3563.677,3526.3551,33361833100
2021-11-30,3570.7468,3563.8872,3582.115,3546.3618,34918793800
2021-12-01,3561.886,3576.8853,3576.8853,3558.691,32987351700
2021-12-02,3573.2468,3573.8358,3586.867,3567.137,35404152400
2021-12-03,3576.4496,3607.4322,3608.4698,3573.2135,37755104800
2021-12-06,3615.2356,3589.3061,3626.1257,3586.8052,41867674300
2021-12-07,3611.217,3595.0882,3614.2228,3572.5688,40384259400
2021-12-08,3602.824,3637.5675,3637.715,3591.9857,36103665700
2021-12-09,3641.1579,3673.0412,3688.3968,3638.7022,43191815700
2021-12-10,3654.3684,3666.3479,3667.8547,3651.3525,41998880100
2021-12-13,3686.9368,3681.082,3708.9424,3678.0583,42409200900
2021-12-14,3669.8067,3661.5253,3671.6784,3654.6561,36217193400
2021-12-15,3655.0489,3647.6303,3668.4016,3645.2425,37747766700
2021-12-16,3648.9271,3675.016,3675.016,3644.6646,38132950700
2021-12-17,3670.2578,3632.3638,3673.6535,3631.6605,40848783700
2021-12-20,3620.0371,3593.6019,3643.9537,3589.3603,42385141000
2021-12-21,3591.4519,3625.1251,3627.0884,3591.4519,40818434800
2021-12-22,3632.6763,3622.6178,3635.8992,3616.5477,39482517700
2021-12-23,3625.4695,3643.3391,3643.5459,3618.048,38292573400
2021-12-24,3645.3948,3618.0535,3648.9556,3612.0673,39034762500
2021-12-27,3613.0469,3615.9741,3632.188,3601.9351,32923529300
2021-12-28,3619.6419,3630.1115,3631.0766,3607.3643,31620224200
2021-12-29,3630.9159,3597.0002,3630.9159,3596.3225,30513176600
2021-12-30,3596.4921,3619.1886,3628.9177,3595.4957,30783929100
2021-12-31,3626.242,3639.7754,3642.843,3624.9419,32968193200
2022-01-04,3649.151,3632.3289,3651.8924,3610.0922,40502776900
2022-01-05,3628.2634,3595.1761,3628.2634,3583.4668,42390202800
2022-01-06,3581.2184,3586.0792,3594.489,3559.8803,37154054300
2022-01-07,3588.9851,3579.5427,3607.2316,3577.0976,43630696100
2022-01-10,3572.7434,3593.5187,3593.5187,3555.1255,35622261000
2022-01-11,3589.9043,3567.4409,3602.1454,3562.7541,35976186300
2022-01-12,3578.1629,3597.4321,3599.4993,3572.0965,34313295600
2022-01-13,3601.0265,3555.2585,3601.0725,3555.1576,36936836500
2022-01-14,3544.0652,3521.2559,3548.4204,3519.3222,37693702400
2022-01-17,3522.0851,3541.666,3546.0853,3519.4257,31288673300
2022-01-18,3541.8899,3569.9144,3579.3126,3531.3295,37714643500
2022-01-19,3567.6309,3558.1796,3578.7348,3541.6619,33323526900
2022-01-20,3556.2262,3555.0629,3576.2594,3540.5545,37950984600
2022-01-21,3546.7495,3522.5679,3547.0003,3514.8853,32653488000
2022-01-24,3508.2441,3524.105,3531.6081,3500.1391,28026834200
2022-01-25,3509.2847,3433.0612,3519.8334,3433.0612,32735381300
2022-01-26,3442.6916,3455.6679,3462.1233,3417.7585,27512282800
2022-01-27,3456.1021,3394.2474,3456.363,3392.0154,28060653400
2022-01-28,3407.5933,3361.4397,3417.0453,3356.5558,29085525700
2022-02-07,3407.7621,3429.5809,3434.0256,3407.7621,32048521100
2022-02-08,3428.5424,3452.6288,3453.1863,3390.4578,36609386500
2022-02-09,3450.818,3479.9458,3484.739,3444.0848,35024993600
2022-02-10,3481.9101,3485.9071,3488.8552,3464.2169,35566626700
2022-02-11,3472.2757,3462.9479,3500.1471,3459.3299,36135609000
2022-02-14,3451.8468,3428.8821,3457.2645,3415.4463,31527444800
2022-02-15,3428.0447,3446.0885,3447.4917,3421.6403,27555932200
2022-02-16,3457.073,3465.8305,3475.0576,3453.8014,27499391300
2022-02-17,3464.2091,3468.0354,3480.9719,3454.2767,29726268200
2022-02-18,3451.6318,3490.7573,3490.7573,3447.0273,29514996300
2022-02-21,3488.4057,3490.6123,3492.1994,3471.6858,30154174000
2022-02-22,3473.2874,3457.146,3473.3931,3437.6717,32627948400
2022-02-23,3458.5139,3489.1465,3490.7633,3458.1795,32560489500
2022-02-24,3474.3692,3429.9564,3486.9773,3400.2136,48835490100
2022-02-25,3445.3361,3451.4061,3480.1756,3440.9339,37754255600
2022-02-28,3450.3155,3462.3064,3462.3064,3425.5162,34583838800
2022-03-01,3471.3646,3488.8347,3491.1317,3465.7154,32600166200
2022-03-02,3478.2925,3484.1916,3486.6206,3466.9999,32936768400
2022-03-03,3495.928,3481.1125,3500.2872,3473.3376,41259428900
2022-03-04,3459.9845,3447.649,3474.8816,3437.6964,39352658100
2022-03-07,3438.5602,3372.8552,3438.5602,3360.7393,39358899900
2022-03-08,3372.5546,3293.5301,3383.6326,3287.3412,41592676600
2022-03-09,3303.706,3256.3884,3321.4811,3147.6768,46628556900
2022-03-10,3312.1789,3296.0922,3326.5827,3291.2352,37833637600
2022-03-11,3259.3227,3309.7467,3315.6603,3217.4185,38406712700
2022-03-14,3271.8902,3223.5328,3297.7973,3223.5328,33796868700
2022-03-15,3192.3637,3063.9652,3196.9161,3063.9652,46503716400
2022-03-16,3107.669,3170.7103,3177.7882,3023.3045,44466718900
2022-03-17,3215.0105,3215.0445,3260.1673,3202.9337,42081345800
2022-03-18,3207.1522,3251.0724,3260.7829,3197.3578,37303561100
2022-03-21,3255.6152,3253.6857,3267.4982,3223.3892,35422848800
2022-03-22,3249.5428,3259.8619,3279.1127,3239.5323,36119615800
2022-03-23,3264.7923,3271.0325,3279.8868,3251.9817,34987537000
2022-03-24,3256.0573,3250.2644,3266.8866,3236.6592,32900665400
2022-03-25,3247.1568,3212.2399,3257.1061,3211.6445,34002000600
2022-03-28,3185.1668,3214.5027,3230.2153,3159.8348,34499487300
2022-03-29,3216.0118,3203.9393,3229.1766,3196.4553,31627364900
2022-03-30,3217.5921,3266.5959,3266.5959,3216.3023,36675367700
2022-03-31,3256.1369,3252.2029,3272.04,3246.063,39843993400
2022-04-01,3234.668,3282.7166,3287.2285,3226.2965,37821046000
2022-04-06,3269.427,3283.4261,3288.108,3255.6894,42964277900
2022-04-07,3267.8103,3236.6951,3290.2561,3236.4791,40262666000
2022-04-08,3239.8767,3251.8502,3257.0938,3208.3521,41382679900
2022-04-11,3239.855,3167.1259,3239.855,3156.5066,42416018500
2022-04-12,3165.1197,3213.3295,3214.5359,3140.8998,41832192300
2022-04-13,3199.7972,3186.8244,3225.467,3183.533,39115692500
2022-04-14,3203.6337,3225.6412,3240.0014,3200.2346,37124234400
2022-04-15,3210.6996,3211.2448,3229.8655,3200.1332,40784208200
2022-04-18,3185.9428,3195.524,3204.0274,3166.9782,34736512300
2022-04-19,3192.0924,3194.0287,3207.8276,3174.7138,33994410400
2022-04-20,3189.8912,3151.0498,3191.8315,3142.0485,36204703700
2022-04-21,3138.4276,3079.8077,3160.8994,3069.6809,39193469400
2022-04-22,3058.4044,3086.9193,3105.6552,3049.3555,34200056300
2022-04-25,3034.2667,2928.5118,3043.8156,2928.5096,43360610800
2022-04-26,2930.4532,2886.4257,2957.68,2878.2563,40161515400
2022-04-27,2866.8161,2958.282,2959.1781,2863.6497,42306019100
2022-04-28,2945.8109,2975.4848,2991.5101,2936.7941,37537177500
2022-04-29,2986.0606,3047.0624,3048.4941,2968.334,42393279400
2022-05-05,3044.8491,3067.7587,3082.2295,3042.1155,38307287500
2022-05-06,3011.3187,3001.5605,3030.6926,2992.7152,34326421800
2022-05-09,2990.199,3004.1409,3015.9425,2983.6119,29206155600
2022-05-10,2965.7759,3035.8442,3043.7789,2957.3968,37066098000
2022-05-11,3035.3893,3058.7027,3100.8998,3034.6745,42399191200
2022-05-12,3044.7997,3054.994,3072.1574,3032.9452,34444047700
2022-05-13,3068.0331,3084.2845,3086.0957,3059.2527,33173785200
2022-05-16,3100.55,3073.7488,3102.577,3063.3977,33810849200
2022-05-17,3076.4982,3093.6965,3093.6965,3057.6406,33035653700
2022-05-18,3095.8862,3085.9768,3105.8419,3071.305,31503792300
2022-05-19,3046.7104,3096.9648,3096.9648,3042.6742,33660074900
2022-05-20,3107.0941,3146.5673,3146.5673,3107.0941,37233663600
2022-05-23,3150.4898,3146.8573,3150.5093,3127.8986,35337632500
2022-05-24,3149.059,3070.9272,3153.1299,3070.9272,41631215800
2022-05-25,3070.1702,3107.4641,3107.6279,3069.9459,34225922700
2022-05-26,3111.4817,3123.1079,3133.2767,3079.4812,37030551800
2022-05-27,3135.0315,3130.2394,3151.047,3112.5443,35946386600
2022-05-30,3141.956,3149.0607,3150.8923,3123.1495,34936228500
2022-05-31,3149.9443,3186.4271,3188.6026,3142.0044,37452326500
2022-06-01,3179.6949,3182.1566,3190.6094,3160.0399,36566443200
2022-06-02,3170.3055,3195.458,3197.2818,3163.7555,36177063200
2022-06-06,3196.9552,3236.3719,3237.071,3181.647,42202783500
2022-06-07,3235.416,3241.7635,3253.093,3222.6354,40220322000
2022-06-08,3245.0173,3263.7934,3266.6298,3216.0148,43418327000
2022-06-09,3259.4899,3238.9543,3270.5571,3223.4751,42272837200
2022-06-10,3214.1848,3284.8341,3286.6195,3210.8083,43986573000
2022-06-13,3256.275,3255.5511,3272.9906,3229.3089,43857831200
2022-06-14,3224.2141,3288.9066,3289.1343,3195.8192,45038818700
2022-06-15,3289.1036,3305.4066,3358.5453,3288.8512,55058413100
2022-06-16,3306.8353,3285.3845,3319.689,3277.5306,43322086800
2022-06-17,3265.5124,3316.7857,3323.2797,3262.8936,39530070000
2022-06-20,3315.7833,3315.4302,3333.9025,3292.9279,41346041000
2022-06-21,3313.7874,3306.7186,3329.39,3279.8269,39445689100
2022-06-22,3309.1184,3267.2016,3311.0209,3266.5427,37552978200
2022-06-23,3269.0545,3320.1487,3320.1487,3262.2939,40061421100
2022-06-24,3324.736,3349.747,3356.7145,3322.9496,39081973400
2022-06-27,3364.003,3379.1852,3393.3091,3364.003,41411773800
2022-06-28,3377.6793,3409.2103,3412.1017,3358.8666,41205651600
2022-06-29,3399.6779,3361.5177,3414.6467,3358.4676,44057355900
2022-06-30,3358.9338,3398.6161,3417.0085,3358.9338,38124317800
2022-07-01,3400.2616,3387.6373,3404.0523,3378.3621,35048929900
2022-07-04,3381.8194,3405.4267,3405.6185,3364.0947,35773791900
2022-07-05,3411.1297,3404.0252,3424.8366,3372.0623,41169967200
2022-07-06,3391.0265,3355.3497,3391.0265,3333.0965,38463004700
2022-07-07,3353.1283,3364.398,3375.8595,3332.3092,33440020200
2022-07-08,3380.3686,3356.0778,3386.3149,3354.1209,32292107200
2022-07-11,3341.1016,3313.584,3341.1016,3297.005,34266919300
2022-07-12,3307.2211,3281.4665,3319.2512,3277.0794,33460053900
2022-07-13,3279.6025,3284.2918,3297.0185,3266.4811,33184566900
2022-07-14,3277.4545,3281.744,3299.2512,3261.4934,35592643200
2022-07-15,3261.3826,3228.0609,3288.9198,3228.0609,38015637100
2022-07-18,3235.0881,3278.1033,3278.4715,3226.2315,34834602200
2022-07-19,3278.7221,3279.4313,3283.9295,3256.0152,31565191800
2022-07-20,3291.5507,3304.7243,3308.3472,3287.7441,30151512300
2022-07-21,3297.6614,3272.0012,3300.5345,3272.0012,33235870700
2022-07-22,3276.1966,3269.9739,3293.6439,3246.7313,30069006600
2022-07-25,3269.707,3250.388,3273.1836,3243.0311,27124574400
2022-07-26,3254.1852,3277.4356,3282.4133,3246.044,25946867600
2022-07-27,3271.7825,3275.7553,3282.5739,3265.7267,24913148500
2022-07-28,3287.5019,3282.5758,3305.7057,3277.1078,28805505600
2022-07-29,3282.8114,3253.2382,3294.8045,3246.3677,30733104700
2022-08-01,3246.6161,3259.9585,3264.3041,3225.5533,29220480500
2022-08-02,3231.2621,3186.2664,3231.2621,3155.1866,39417616800
2022-08-03,3188.8906,3163.6741,3217.5496,3159.457,32488567300
2022-08-04,3179.4278,3189.0391,3190.9992,3155.7039,26089894300
2022-08-05,3195.2274,3227.0267,3228.8863,3184.4549,27468372900
2022-08-08,3218.8511,3236.9337,3237.9693,3214.0826,25426805000
2022-08-09,3235.7351,3247.4318,3248.7718,3227.5394,25960546700
2022-08-10,3242.3622,3230.02,3253.1662,3217.8065,25758359200
2022-08-11,3243.4716,3281.6654,3281.6654,3237.9041,30060537600
2022-08-12,3275.77,3276.8877,3288.2233,3272.8406,29993292800
2022-08-15,3268.3653,3276.087,3286.891,3261.8151,28710677300
2022-08-16,3278.6756,3277.8847,3295.0226,3271.5703,30359227400
2022-08-17,3282.1008,3292.526,3295.9976,3263.3483,32612475900
2022-08-18,3286.3669,3277.5438,3289.1415,3270.5584,30169477800
2022-08-19,3275.6229,3258.0784,3286.4911,3258.0637,33353547100
2022-08-22,3249.7046,3277.7943,3278.1655,3247.187,31453786900
2022-08-23,3274.427,3276.2234,3284.5963,3262.6331,31656635600
2022-08-24,3279.1716,3215.2033,3281.8752,3212.386,36614057700
2022-08-25,3223.4645,3246.2481,3248.3505,3199.1242,33619616500
2022-08-26,3250.6276,3236.2226,3266.2737,3232.2766,30992755400
2022-08-29,3203.1022,3240.7275,3240.7275,3198.996,29701509700
2022-08-30,3240.1835,3227.2203,3243.746,3212.6346,29431891400
2022-08-31,3216.5257,3202.1378,3232.0158,3184.3936,34440882900
2022-09-01,3196.5367,3184.9797,3214.5583,3181.6256,27466054100
2022-09-02,3189.6439,3186.4781,3198.2812,3173.7929,25045691100
2022-09-05,3183.946,3199.9118,3199.9118,3172.0394,28067563300
2022-09-06,3207.933,3243.4466,3244.6353,3203.8161,31886968900
2022-09-07,3232.1368,3246.2943,3253.7671,3227.8225,30101446600
2022-09-08,3245.557,3235.5862,3253.7005,3233.8007,28168035800
2022-09-09,3241.1809,3262.0542,3266.1974,3236.5078,28382766500
2022-09-13,3272.0492,3263.7972,3278.1659,3259.6644,27618982300
2022-09-14,3224.6783,3237.5419,3250.8024,3221.9609,25519336500
2022-09-15,3248.9721,3199.9187,3254.1789,3174.3899,32520612100
2022-09-16,3189.8265,3126.3977,3191.8265,3126.3972,31647589300
2022-09-19,3122.7549,3115.6019,3135.5565,3101.2207,24911366200
2022-09-20,3127.8356,3122.4058,3140.0252,3114.0368,21994253400
2022-09-21,3116.0065,3117.1774,3129.8245,3091.2966,23297249600
2022-09-22,3098.7682,3108.9096,3125.6797,3092.8189,22114068900
2022-09-23,3106.8055,3088.3695,3124.6583,3072.2409,24305771900
2022-09-26,3067.5689,3051.226,3102.6544,3048.5143,26269862800
2022-09-27,3056.3917,3093.8618,3094.0389,3048.365,23273530300
2022-09-28,3089.0975,3045.0668,3089.0975,3044.864,23009865000
2022-09-29,3067.4727,3041.2046,3076.7615,3026.0792,23003041600
2022-09-30,3042.1664,3024.3905,3054.6129,3021.9309,20411533600
2022-10-10,3026.9354,2974.1454,3029.4478,2968.281,24340482800
2022-10-11,2978.0617,2979.7926,2986.9116,2953.4953,20863595000
2022-10-12,2976.7168,3025.5055,3025.5055,2934.0922,24801355700
2022-10-13,3008.3016,3016.3561,3036.2485,3004.4963,24968328100
2022-10-14,3035.0341,3071.9868,3084.2724,3035.0341,27730406100
2022-10-17,3060.5176,3084.9423,3087.1944,3052.7149,26260861800
2022-10-18,3094.9272,3080.9574,3099.9182,3074.2162,24563475700
2022-10-19,3073.2616,3044.3777,3081.3903,3044.3777,23089531000
2022-10-20,3029.3028,3035.0504,3070.2648,3013.6929,24473614500
2022-10-21,3038.0358,3038.9291,3055.4157,3026.9603,24525412200
2022-10-24,3034.7458,2977.5554,3064.4211,2965.1675,29808535600
2022-10-25,2969.156,2976.283,3001.715,2944.2607,25555416000
2022-10-26,2977.5643,2999.5036,3028.3478,2977.5643,26868949200
2022-10-27,3005.0373,2982.9029,3017.2629,2981.6889,26560825400
2022-10-28,2967.0221,2915.9257,2974.236,2908.9831,29253130800
2022-10-31,2893.1962,2893.4829,2926.015,2885.0894,30199420300
2022-11-01,2899.4985,2969.1995,2969.1995,2896.7572,31980957800
2022-11-02,2960.6465,3003.3699,3019.0486,2954.9478,32507824800
2022-11-03,2981.2038,2997.8057,3003.7207,2977.7162,25934856700
2022-11-04,2996.9971,3070.7964,3081.5903,2996.9971,32980674000
2022-11-07,3062.859,3077.817,3088.1927,3054.4571,32056709700
2022-11-08,3077.3056,3064.4928,3078.276,3047.4624,25652200700
2022-11-09,3064.4633,3048.1676,3073.9183,3046.1881,23563732400
2022-11-10,3031.6915,3036.1318,3047.9803,3022.8506,27037179800
2022-11-11,3099.65,3087.2926,3117.7419,3070.3007,40960453400
2022-11-14,3100.8669,3083.4013,3121.4056,3075.2152,36178821600
2022-11-15,3081.1349,3134.0778,3135.5903,3074.4982,33147057700
2022-11-16,3133.6504,3119.9804,3145.7526,3115.3453,30342984400
2022-11-17,3110.9649,3115.4347,3115.4351,3087.1737,28702840700
2022-11-18,3116.7291,3097.2432,3126.7107,3096.8858,29995427600
2022-11-21,3078.0569,3085.0444,3085.2426,3056.1703,25604554900
2022-11-22,3084.2328,3088.9426,3118.1197,3076.3214,32756592700
2022-11-23,3084.7403,3096.9073,3108.2438,3075.3241,32615544900
2022-11-24,3104.0955,3089.3096,3113.2392,3084.8554,26748292800
2022-11-25,3085.4611,3101.6932,3111.4214,3077.9671,31143197900
2022-11-28,3055.2899,3078.5485,3080.1843,3034.7045,30581128400
2022-11-29,3096.1126,3149.7478,3152.0027,3096.1126,39144974800
2022-11-30,3141.3992,3151.3353,3158.5732,3137.3687,37271832100
2022-12-01,3187.9899,3165.4711,3198.4088,3164.5348,38701305600
2022-12-02,3160.5789,3156.1442,3170.898,3149.8406,30781248400
2022-12-05,3181.9155,3211.8144,3213.4395,3177.0642,44739843700
2022-12-06,3200.275,3212.5334,3224.822,3195.0788,37359029600
2022-12-07,3204.9352,3199.6194,3226.0817,3188.6705,35411307800
2022-12-08,3196.0156,3197.3499,3206.7151,3187.2566,32096929400
2022-12-09,3197.1183,3206.9502,3212.1059,3182.9068,37334320900
2022-12-12,3195.868,3179.0417,3196.7247,3176.5752,33338179200
2022-12-13,3179.4354,3176.3255,3187.2035,3171.4827,28582120000
2022-12-14,3178.5542,3176.5253,3189.835,3168.5925,26562356900
2022-12-15,3177.1995,3168.6478,3179.1,3158.4515,24302333300
2022-12-16,3156.1349,3167.8576,3175.3526,3151.6089,25977179500
2022-12-19,3165.3092,3107.115,3170.2552,3096.0981,27851354100
2022-12-20,3098.9532,3073.7659,3100.7477,3061.5098,21883676600
2022-12-21,3078.3312,3068.4105,3085.7951,3060.5542,18906792000
2022-12-22,3085.8004,3054.4313,3096.2449,3044.5991,22363953700
2022-12-23,3038.8416,3045.8664,3061.867,3031.5358,19202030500
2022-12-26,3048.1963,3065.5626,3071.8363,3047.3491,20650389300
2022-12-27,3077.7469,3095.5678,3098.0783,3074.3133,22221832200
2022-12-28,3088.6174,3087.3997,3098.6496,3079.4338,22455415100
2022-12-29,3076.7264,3073.7016,3086.0048,3064.4594,21557067600
2022-12-30,3084.5226,3089.2579,3096.3135,3082.1964,21754534400
2023-01-03,3087.513,3116.5119,3119.8556,3073.054,28137036200
2023-01-04,3117.5711,3123.5164,3129.0937,3109.4512,27331362600
2023-01-05,3132.7614,3155.2162,3159.427,3130.23,25700301800
2023-01-06,3155.0747,3157.6365,3170.7418,3151.8407,25738025500
2023-01-09,3169.3737,3176.0845,3183.583,3165.4282,25811521800
2023-01-10,3178.022,3169.5072,3178.1569,3165.1446,23298417500
2023-01-11,3172.3759,3161.8376,3184.757,3160.8896,23774286900
2023-01-12,3167.273,3163.4509,3171.5905,3153.4038,21667130500
2023-01-13,3170.3548,3195.3059,3195.3067,3167.5098,22022689700
2023-01-16,3198.5189,3227.5916,3251.3739,3197.3186,30674954900
2023-01-17,3229.4354,3224.2448,3231.2645,3211.7573,22659223000
2023-01-18,3227.5947,3224.406,3234.8169,3220.3703,21210973000
2023-01-19,3221.5179,3240.2794,3240.2794,3210.3825,22646503000
2023-01-20,3247.2031,3264.8138,3267.0579,3247.2031,27321918200
2023-01-30,3308.8694,3269.318,3310.4903,3266.758,35332582900
2023-01-31,3266.1442,3255.6692,3277.2524,3252.0145,30016295700
2023-02-01,3262.1961,3284.9213,3284.9224,3245.4113,33950941000
2023-02-02,3291.7828,3285.6705,3295.7636,3272.414,33341313300
2023-02-03,3275.6578,3263.4059,3275.6578,3235.3533,29334281400
2023-02-06,3244.7007,3238.6978,3250.3514,3226.2112,26705310700
2023-02-07,3245.2297,3248.094,3250.033,3233.8334,25094645000
2023-02-08,3251.5006,3232.1063,3257.114,3230.4393,23453048100
2023-02-09,3227.7278,3270.3826,3270.3826,3225.7724,25475452900
2023-02-10,3266.4367,3260.6734,3269.9944,3247.2296,26062692600
2023-02-13,3256.9881,3284.1599,3285.0913,3252.6327,29721318800
2023-02-14,3288.9742,3293.2825,3293.7338,3279.1894,27097416800
2023-02-15,3294.015,3280.4919,3296.1995,3274.5505,26993912300
2023-02-16,3281.7352,3249.0295,3308.8279,3231.3421,38086354500
2023-02-17,3244.7325,3224.0243,3262.4729,3223.2581,27845123700
2023-02-20,3230.4728,3290.3383,3291.0388,3225.8427,32500773300
2023-02-21,3291.6312,3306.5236,3308.7908,3282.436,32440944900
2023-02-22,3292.0489,3291.1477,3307.0343,3286.7207,25540398500
2023-02-23,3293.5219,3287.477,3307.4385,3275.3621,26232430400
2023-02-24,3287.2553,3267.1597,3288.3922,3253.9748,23420630600
2023-02-27,3256.9998,3258.0344,3276.5791,3251.7213,24285534400
2023-02-28,3265.742,3279.6053,3280.4154,3246.1446,25162503200
2023-03-01,3279.1364,3312.3478,3315.1604,3272.0351,31839870400
2023-03-02,3308.0113,3310.6536,3320.7441,3306.4554,32852001600
2023-03-03,3314.7727,3328.3927,3330.6046,3302.6231,34399691900
2023-03-06,3332.0235,3322.0259,3333.0619,3308.7255,34053044600
2023-03-07,3320.211,3285.0988,3342.8585,3284.4099,38995795600
2023-03-08,3271.8798,3283.2479,3283.2479,3263.6927,26044354700
2023-03-09,3285.9427,3276.0937,3289.06,3259.9999,26402185900
2023-03-10,3255.5121,3230.0766,3262.147,3229.4959,28113541000
2023-03-13,3228.1239,3268.6955,3268.6955,3228.1239,29492808700
2023-03-14,3261.9219,3245.3123,3262.0025,3216.9927,31990603300
2023-03-15,3261.0284,3263.3148,3273.1232,3256.8566,30516879800
2023-03-16,3244.4699,3226.8912,3257.433,3224.7223,32738963200
2023-03-17,3245.2604,3250.546,3279.9228,3240.157,34300102200
2023-03-20,3253.9302,3234.9103,3267.9931,3231.6459,39251739100
2023-03-21,3240.8388,3255.6505,3255.9997,3237.8934,30181077900
2023-03-22,3263.4129,3265.7475,3279.3938,3255.7394,29084046200
2023-03-23,3258.7791,3286.6491,3286.6491,3252.9917,30611839300
2023-03-24,3282.739,3265.6537,3282.739,3260.8444,32451333700
2023-03-27,3261.8235,3251.3971,3261.8235,3229.7037,33786120600
2023-03-28,3256.6023,3245.376,3264.0978,3241.7368,29568266000
2023-03-29,3253.6212,3240.0568,3254.5564,3229.5848,29690050800
2023-03-30,3243.0683,3261.2485,3263.7379,3220.9846,29989829500
2023-03-31,3263.4061,3272.8602,3278.4231,3260.0396,28361374600
2023-04-03,3277.34,3296.396,3299.7321,3276.4158,35767677500
2023-04-04,3297.183,3312.5578,3312.5615,3290.9925,38587161700
2023-04-06,3302.751,3312.628,3314.5262,3296.055,32715542400
2023-04-07,3312.4813,3327.6457,3328.8455,3308.061,28303224700
2023-04-10,3331.5051,3315.3578,3332.7152,3309.9171,34081984500
2023-04-11,3317.0771,3313.5705,3317.4484,3298.2498,32056605500
2023-04-12,3316.8623,3327.1816,3330.7079,3315.3991,34302531500
2023-04-13,3321.2733,3318.3638,3334.4697,3309.2515,34786210600
2023-04-14,3326.3704,3338.1525,3340.0764,3316.8101,33829927500
2023-04-17,3337.0605,3385.6095,3385.6095,3336.3881,40280992600
2023-04-18,3379.2267,3393.3312,3396.1745,3375.7803,34839948600
2023-04-19,3391.3549,3370.1283,3394.959,3364.6419,34612344300
2023-04-20,3367.0525,3367.031,3371.3679,3344.016,35035496500
2023-04-21,3363.9987,3301.2575,3367.6093,3301.2575,38739509800
2023-04-24,3300.8125,3275.413,3303.0908,3264.9349,35425562600
2023-04-25,3276.403,3264.8717,3288.5685,3229.4461,38089572900
2023-04-26,3255.2171,3264.1006,3277.9797,3239.9893,35791784200
2023-04-27,3256.2278,3285.8844,3299.301,3253.1117,34159053400
2023-04-28,3283.1224,3323.2746,3324.8808,3283.1224,40155478500
2023-05-04,3306.4827,3350.4587,3352.7463,3302.0275,48336491600
2023-05-05,3350.6538,3334.5028,3364.1417,3321.1872,43650449400
2023-05-08,3340.9904,3395.0036,3400.1766,3340.9904,53410365900
2023-05-09,3402.3938,3357.6707,3418.9534,3356.1183,57301330900
2023-05-10,3347.7015,3319.1506,3349.7213,3305.2506,45173973100
2023-05-11,3323.6583,3309.5512,3333.2496,3307.2887,35425827100
2023-05-12,3304.4582,3272.3619,3319.1307,3271.4311,34731498300
2023-05-15,3269.8781,3310.7367,3310.7367,3235.8679,38804588700
2023-05-16,3310.1607,3290.9874,3317.9012,3282.4918,32247941000
2023-05-17,3281.9664,3284.232,3298.519,3269.8936,28574405000
2023-05-18,3288.4112,3297.3199,3313.8622,3284.1679,30996747200
2023-05-19,3288.8911,3283.5417,3302.3424,3268.2242,28540406400
2023-05-22,3278.596,3296.4696,3308.5325,3276.5398,27388999800
2023-05-23,3294.7877,3246.238,3298.2257,3246.238,27527908300
2023-05-24,3237.7045,3204.7494,3237.7045,3204.3813,28872025700
2023-05-25,3197.3644,3201.2605,3207.021,3168.5716,28358892500
2023-05-26,3198.8825,3212.5038,3220.7737,3179.8217,26170047900
2023-05-29,3219.7553,3221.4484,3230.9706,3208.955,29738948700
2023-05-30,3214.6728,3224.2133,3230.6317,3186.6256,30353246000
2023-05-31,3214.6551,3204.5644,3216.3597,3190.2736,29457333800
2023-06-01,3196.1547,3204.6345,3225.093,3189.5174,31233075900
2023-06-02,3212.4489,3230.0686,3233.9916,3211.737,29466709800
2023-06-05,3231.8108,3232.441,3244.1801,3221.6254,27806020300
2023-06-06,3228.4068,3195.3404,3247.349,3189.2692,30828587200
2023-06-07,3197.4677,3197.7587,3210.3295,3188.0053,25806340000
2023-06-08,3194.8348,3213.5855,3225.5263,3180.5354,29353074100
2023-06-09,3213.033,3231.4055,3231.4055,3206.1027,31415550100
2023-06-12,3225.3049,3228.8336,3239.4368,3210.7135,31378444400
2023-06-13,3223.8958,3233.6734,3235.0854,3215.4989,28062845400
2023-06-14,3238.1189,3228.9887,3248.4609,3226.7743,30353726000
2023-06-15,3230.4512,3252.9751,3252.9751,3229.1452,31325575200
2023-06-16,3256.2989,3273.3341,3276.5522,3255.4988,32628184600
2023-06-19,3271.1635,3255.8057,3271.1635,3251.7789,32775304700
2023-06-20,3252.5435,3240.3648,3252.8435,3237.7857,29826059600
2023-06-21,3230.1142,3197.9011,3236.3626,3197.9011,29437737200
2023-06-26,3177.2293,3150.6189,3181.0758,3144.2484,30812981100
2023-06-27,3153.3132,3189.4427,3194.4086,3148.2657,28760432700
2023-06-28,3183.4865,3189.3758,3192.6589,3157.1229,27623194800
2023-06-29,3185.4242,3182.3812,3196.5025,3179.5251,25034007400
2023-06-30,3178.9242,3202.0623,3212.9928,3177.9913,26537987300
2023-07-03,3209.1623,3243.975,3246.8605,3209.1623,31237139500
2023-07-04,3241.2305,3245.3492,3246.9576,3233.9895,27924872100
2023-07-05,3240.0486,3222.9469,3241.8353,3218.6022,26401642600
2023-07-06,3215.8633,3205.5748,3229.4799,3199.7164,24611903200
2023-07-07,3197.4716,3196.6092,3212.0472,3189.2114,25568846900
2023-07-10,3208.7349,3203.6958,3216.5348,3192.6579,23656036700
2023-07-11,3211.1222,3221.3666,3221.6804,3200.3845,22760046700
2023-07-12,3220.3758,3196.1337,3224.3312,3193.4366,27142338600
2023-07-13,3202.6992,3236.48,3238.4675,3202.6992,27662050800
2023-07-14,3240.9695,3237.7012,3248.3849,3233.9985,27332749400
2023-07-17,3219.0162,3209.6298,3219.0162,3195.8862,25020837600
2023-07-18,3206.786,3197.8201,3210.2482,3190.0049,23503025900
2023-07-19,3195.0085,3198.8358,3204.3612,3181.5611,21735586000
2023-07-20,3201.9111,3169.522,3209.0554,3165.6739,23893289100
2023-07-21,3163.421,3167.7452,3185.6357,3157.3335,22533136300
2023-07-24,3157.4694,3164.1608,3178.7335,3151.1252,21659521100
2023-07-25,3201.4575,3231.5213,3231.7486,3201.4575,34861771400
2023-07-26,3228.0873,3223.0279,3229.8921,3212.8801,31720605100
2023-07-27,3225.4763,3216.6709,3245.6028,3210.4699,32711886700
2023-07-28,3206.741,3275.9257,3280.2777,3200.9939,41106843400
2023-07-31,3287.2089,3291.0398,3322.1291,3281.0133,45903099400
2023-08-01,3288.7604,3290.9493,3305.3402,3279.5656,45989083300
2023-08-02,3281.8583,3261.6903,3290.8203,3252.3036,40534149900
2023-08-03,3254.5651,3280.4626,3280.8636,3247.2719,38469131700
2023-08-04,3296.0944,3288.0842,3315.0492,3281.7343,47092769700
2023-08-07,3276.7756,3268.8311,3276.7756,3258.5372,36034148400
2023-08-08,3260.7218,3260.6196,3274.5186,3246.6745,31652073300
2023-08-09,3251.1521,3244.4867,3257.0816,3240.2888,27121853800
2023-08-10,3242.2057,3254.5597,3257.0298,3234.1158,28741214200
2023-08-11,3254.4751,3189.248,3254.4751,3189.248,33013775000
2023-08-14,3159.7138,3178.4272,3180.5067,3141.6551,29984032700
2023-08-15,3180.5579,3176.1758,3186.234,3147.3459,27325192200
2023-08-16,3164.7019,3150.1277,3176.626,3149.7226,28172829200
2023-08-17,3137.3514,3163.7393,3167.4457,3123.2495,29469258600
2023-08-18,3165.0998,3131.953,3179.1159,3131.953,29439035200
2023-08-21,3125.9897,3092.9777,3134.9571,3092.9777,26575342300
2023-08-22,3103.7807,3120.3338,3126.7838,3074.5307,30931633500
2023-08-23,3116.2661,3078.4021,3116.3765,3077.6056,27224412400
2023-08-24,3085.9107,3082.2439,3106.1824,3072.9511,30002463700
2023-08-25,3068.615,3064.0747,3085.047,3053.0373,29334768600
2023-08-28,3219.0432,3098.6363,3219.0432,3089.1194,48560776400
2023-08-29,3091.9379,3135.8867,3145.761,3090.4377,39887578000
2023-08-30,3144.4067,3137.1375,3153.689,3126.9024,34751186700
2023-08-31,3134.5529,3119.8764,3139.9801,3113.9459,31344824200
2023-09-01,3126.0234,3133.2467,3143.8457,3123.1896,29231099200
2023-09-04,3145.9435,3177.0603,3177.0603,3143.3793,36639114000
2023-09-05,3169.7384,3154.3693,3169.7384,3150.0753,29406184900
2023-09-06,3147.1363,3158.0769,3162.1547,3136.8998,26700223000
2023-09-07,3152.2028,3122.3523,3152.2662,3120.8229,26926473300
2023-09-08,3114.2296,3116.7191,3126.0412,3104.6743,22812506400
2023-09-11,3119.6101,3142.779,3155.1026,3113.8164,29044291700
2023-09-12,3140.3409,3137.0593,3147.5141,3134.3176,23467205100
2023-09-13,3137.7718,3123.0669,3143.7577,3106.9693,24970103800
2023-09-14,3124.8482,3126.5511,3135.025,3111.8588,26399013800
2023-09-15,3133.5883,3117.7434,3141.9642,3107.448,29202636500
2023-09-18,3110.4404,3125.9319,3128.7009,3098.496,25944425700
2023-09-19,3123.9862,3124.9567,3131.1298,3113.5254,25365276100
2023-09-20,3118.6671,3108.5679,3122.1277,3108.1578,22812446200
2023-09-21,3103.1754,3084.701,3113.4939,3084.701,22865910000
2023-09-22,3084.7567,3132.4316,3132.5578,3078.8007,28597835100
2023-09-25,3131.2079,3115.6071,3131.2079,3112.1505,25807188500
2023-09-26,3114.0214,3102.2726,3120.2889,3102.2726,22264431300
2023-09-27,3104.0395,3107.3156,3125.447,3103.8441,24049583000
2023-09-28,3117.7549,3110.4753,3121.8352,3105.9397,23632998100
2023-10-09,3099.9998,3096.9224,3103.3597,3072.6418,26442220500
2023-10-10,3104.3651,3075.2361,3109.9822,3073.1864,25532737900
2023-10-11,3085.6989,3078.9556,3095.6594,3071.936,25991869200
2023-10-12,3101.7051,3107.9007,3109.9898,3092.1771,27482799800
2023-10-13,3091.9972,3088.0991,3094.9153,3080.5481,25508523500
2023-10-16,3091.0647,3073.813,3091.1257,3063.6856,26388236300
2023-10-17,3076.4283,3083.4964,3084.0725,3064.8897,25901958800
2023-10-18,3076.5796,3058.7098,3076.5796,3057.0588,26864715500
2023-10-19,3043.1955,3005.3934,3043.1955,3004.7745,30403891000
2023-10-20,2995.3575,2983.0585,3006.2746,2977.1731,26711359400
2023-10-23,2969.7858,2939.2913,2973.6611,2923.5113,27890412800
2023-10-24,2944.3105,2962.2437,2964.7605,2929.0883,31098538900
2023-10-25,2986.4066,2974.1135,2993.2951,2972.4177,33239200400
2023-10-26,2960.1038,2988.2992,2990.3277,2956.006,29181451100
2023-10-27,2978.4026,3017.7842,3029.2101,2974.8802,32180371700
2023-10-30,3009.6104,3021.5534,3028.2641,3002.3477,36060423800
2023-10-31,3019.646,3018.7706,3023.0014,3006.6088,31985996700
2023-11-01,3038.1821,3023.0765,3038.3303,3013.933,28011044500
2023-11-02,3028.6647,3009.4058,3038.6422,3009.121,26879458100
2023-11-03,3012.4654,3030.7977,3040.9807,3012.4654,26848634700
2023-11-06,3047.1301,3058.4105,3058.9891,3037.6941,37294963000
2023-11-07,3052.9202,3057.2697,3064.5771,3042.4689,32685345500
2023-11-08,3051.1531,3052.3726,3062.991,3037.2888,33567783400
2023-11-09,3047.6532,3053.2792,3063.4674,3045.8336,31562176400
2023-11-10,3043.5585,3038.9699,3044.0007,3027.0878,28554649700
2023-11-13,3044.0319,3046.5329,3048.6209,3028.168,29043058800
2023-11-14,3046.8171,3056.0703,3059.5294,3044.4259,29484473300
2023-11-15,3077.0291,3072.8348,3080.1284,3064.3464,30425010700
2023-11-16,3066.8554,3050.9257,3071.4522,3050.9257,27107946000
2023-11-17,3043.617,3054.3655,3055.8561,3033.7472,26760639300
2023-11-20,3056.9268,3068.3191,3072.5134,3043.5148,28755699800
2023-11-21,3074.8281,3067.9328,3089.7738,3063.3449,33073310200
2023-11-22,3060.4984,3043.611,3067.9625,3043.611,28905649000
2023-11-23,3041.6779,3061.8562,3062.8665,3034.2969,27659205900
2023-11-24,3060.3306,3040.9717,3060.3306,3037.2012,28778841300
2023-11-27,3038.1864,3031.7002,3038.3578,3015.0076,31051786800
2023-11-28,3028.5983,3038.5545,3039.6945,3020.2306,26892074600
2023-11-29,3038.4641,3021.6874,3038.9767,3017.6611,27795644800
2023-11-30,3021.1025,3029.6727,3030.9086,3013.7678,28294535700
2023-12-01,3027.353,3031.6358,3035.7599,3010.2333,28608970000
2023-12-04,3033.298,3022.9138,3038.9794,3022.3477,28816205300
2023-12-05,3017.0102,2972.2959,3017.0102,2972.2959,29394327800
2023-12-06,2966.9475,2968.9334,2985.3143,2959.603,29410418700
2023-12-07,2965.6523,2966.2061,2976.0148,2949.1438,29624368700
2023-12-08,2965.3901,2969.5594,2980.8344,2962.327,36913870500
2023-12-11,2956.2905,2991.4385,2995.6698,2930.422,36021634400
2023-12-12,2986.3282,3003.4378,3003.7455,2980.4462,28763876200
2023-12-13,2997.3358,2968.7606,2997.3358,2968.7606,28275409800
2023-12-14,2979.699,2958.9856,2986.1773,2958.066,27145765000
2023-12-15,2966.3015,2942.5568,2976.3094,2940.0266,28932764200
2023-12-18,2936.5751,2930.8036,2951.1479,2924.3254,29308699900
2023-12-19,2928.7631,2932.3908,2940.5014,2914.1253,26592698000
2023-12-20,2932.1186,2902.1096,2937.1011,2902.0395,26556245400
2023-12-21,2892.0201,2918.7149,2924.2562,2882.0195,28254182700
2023-12-22,2919.2879,2914.7752,2935.7002,2906.5094,29662836700
2023-12-25,2909.8751,2918.8126,2920.6323,2903.987,22981417800
2023-12-26,2917.9708,2898.8787,2917.9708,2892.8373,22814085500
2023-12-27,2900.1491,2914.6138,2917.9564,2890.165,24790088200
2023-12-28,2913.1096,2954.7035,2961.6476,2909.3886,33921311600
2023-12-29,2950.8372,2974.9348,2975.0319,2950.0173,29067268700
2024-01-02,2972.775,2962.2762,2976.2682,2962.2762,30414179300
2024-01-03,2957.1117,2967.2472,2971.2834,2953.2901,28545594500
2024-01-04,2965.5087,2954.3486,2966.6828,2936.6347,26498092400
2024-01-05,2949.8221,2929.1833,2967.9677,2916.7206,30104023900
2024-01-08,2923.457,2887.5379,2924.4559,2887.5379,27027505500
2024-01-09,2887.1095,2893.2513,2900.7266,2878.4123,26295597500
2024-01-10,2886.9807,2877.7023,2903.1621,2870.4155,24404652600
2024-01-11,2873.7982,2886.6502,2896.1788,2867.7223,26705076400
2024-01-12,2880.0399,2881.9769,2904.1743,2878.8752,26160293100
2024-01-15,2872.5562,2886.2908,2904.4643,2869.2236,24461123600
2024-01-16,2881.5602,2893.9886,2896.683,2861.1302,28628671400
2024-01-17,2887.2917,2833.6152,2887.4893,2833.6152,26125130800
2024-01-18,2822.6672,2845.7839,2849.2559,2760.978,39039685500
2024-01-19,2836.9749,2832.2793,2849.8755,2822.8434,26666438800
2024-01-22,2826.5034,2756.3399,2828.3202,2735.3721,35016575800
2024-01-23,2746.8923,2770.9763,2784.8407,2724.1573,30874941700
2024-01-24,2782.1415,2820.7719,2823.6953,2743.3971,36907060000
2024-01-25,2823.8259,2906.1087,2906.794,2821.7093,44200904500
2024-01-26,2897.9149,2910.2227,2924.3065,2890.4819,42110908400
2024-01-29,2910.6072,2883.356,2923.8992,2883.3327,41058131100
2024-01-30,2866.2795,2830.5266,2881.3468,2829.2498,33566122600
2024-01-31,2815.5042,2788.5482,2834.011,2782.5869,37710396500
2024-02-01,2773.4239,2770.7403,2805.0146,2752.7824,35288918500
2024-02-02,2773.2949,2730.152,2791.6756,2666.3335,42623019900
2024-02-05,2716.081,2702.185,2739.7383,2635.0897,47899029200
2024-02-06,2680.4846,2789.486,2802.9312,2669.6732,50284931300
2024-02-07,2791.5145,2829.6956,2829.6956,2770.5293,54711743900
2024-02-08,2832.4855,2865.9032,2867.4738,2827.902,53110889300
2024-02-19,2886.5871,2910.544,2910.544,2867.7103,45896770400
2024-02-20,2902.8765,2922.7302,2927.308,2887.4741,35013873500
2024-02-21,2906.0243,2950.9556,2994.6149,2898.0496,44424546300
2024-02-22,2945.4465,2988.3578,2988.3578,2944.4988,35413253600
2024-02-23,2992.9115,3004.881,3009.1359,2979.9728,38008327000
2024-02-26,3002.1179,2977.0221,3009.479,2967.0571,40902655800
2024-02-27,2966.4166,3015.4807,3015.4807,2961.1479,37298468700
2024-02-28,3016.2555,2957.8524,3031.4881,2957.8524,54410909300
2024-02-29,2943.6242,3015.1712,3015.1712,2943.6242,40969637400
2024-03-01,3013.8229,3027.0204,3032.2315,3003.7632,37913218400
2024-03-04,3026.6071,3039.3055,3040.3447,3007.6829,38776000200
2024-03-05,3027.1028,3047.7931,3052.5413,3022.1777,38350995500
2024-03-06,3041.7518,3039.9309,3060.5629,3034.3536,34098273900
2024-03-07,3040.2111,3027.4013,3063.6924,3023.1177,37715439100
2024-03-08,3026.1654,3046.0192,3049.194,3016.9032,31920439200
2024-03-11,3042.6188,3068.4554,3068.4554,3035.4451,36160882100
2024-03-12,3068.182,3055.935,3075.1308,3044.8572,41574391400
2024-03-13,3053.3413,3043.8346,3061.951,3031.8985,36504745300
2024-03-14,3042.4131,3038.2339,3059.9975,3020.637,36407229000
2024-03-15,3031.5229,3054.6359,3056.4473,3023.2152,36026846300
2024-03-18,3057.2093,3084.9262,3085.3124,3055.9221,40665350800
2024-03-19,3077.9805,3062.7558,3090.0459,3062.6279,38412368000
2024-03-20,3058.6478,3079.6859,3081.7547,3056.645,34918772900
2024-03-21,3084.4116,3077.113,3090.0513,3069.272,36687796800
2024-03-22,3070.5481,3048.0336,3073.2058,3027.7615,39474048600
2024-03-25,3040.501,3026.3055,3065.2611,3026.3055,38748538900
2024-03-26,3026.9218,3031.4809,3036.4939,3006.2597,34592878700
2024-03-27,3026.8138,2993.1388,3030.4495,2993.1388,34319801000
2024-03-28,2988.5899,3010.6636,3033.3666,2984.1201,35320002600
2024-03-29,3008.3757,3041.1669,3041.2978,3008.1672,33482278500
2024-04-01,3049.0207,3077.3786,3078.4883,3049.0207,37539364000
2024-04-02,3076.8752,3074.9586,3085.5365,3063.9808,36730426200
2024-04-03,3074.8929,3069.2959,3079.02,3057.3972,36321138000
2024-04-08,3057.3255,3047.0526,3077.3512,3045.4692,40293674000
2024-04-09,3044.6136,3048.5369,3051.5851,3033.2089,33348996500
2024-04-10,3045.9609,3027.3349,3049.6072,3013.5897,34899172100
2024-04-11,3013.5727,3034.2464,3050.3372,3009.8972,34089439200
2024-04-12,3035.5773,3019.4735,3043.5599,3014.8297,33422977100
2024-04-15,3013.6722,3057.3776,3066.9412,2995.542,46123924400
2024-04-16,3043.5505,3007.0681,3052.4346,3005.34,44807047300
2024-04-17,3008.0614,3071.3806,3071.3806,3002.0564,41335836800
2024-04-18,3060.0309,3074.2246,3102.5527,3057.7606,41632134900
2024-04-19,3060.2989,3065.261,3080.3227,3055.0577,37554385500
2024-04-22,3059.0649,3044.5952,3078.4226,3042.542,35721639900
2024-04-23,3038.6118,3021.9775,3044.9438,3016.5169,32559512800
2024-04-24,3029.4028,3044.8223,3045.6398,3019.1239,30526409300
2024-04-25,3037.9273,3052.9,3060.2635,3034.6499,29228014800
2024-04-26,3054.9793,3088.6357,3092.43,3054.9793,43938256300
2024-04-29,3086.6819,3113.0432,3119.6857,3080.5858,50692544500
2024-04-30,3110.1594,3104.8245,3123.2876,3104.2943,44021321300
2024-05-06,3132.5115,3140.7204,3142.3816,3126.7689,45065689900
2024-05-07,3139.6637,3147.738,3151.219,3133.6904,37910256400
2024-05-08,3141.4874,3128.4798,3144.9856,3126.1729,33400032000
2024-05-09,3128.1644,3154.3201,3158.4646,3128.1644,36088146200
2024-05-10,3158.5891,3154.5472,3163.1441,3137.1517,38428749500
2024-05-13,3139.4753,3148.0207,3157.3656,3126.1697,39703056500
2024-05-14,3148.8488,3145.7743,3155.8071,3137.6091,34352619400
2024-05-15,3141.2518,3119.9021,3142.9725,3117.9287,32102796200
2024-05-16,3127.1841,3122.401,3137.8779,3116.1627,36741736100
2024-05-17,3121.7126,3154.0263,3154.0263,3116.7842,38391524400
2024-05-20,3156.1482,3171.1451,3174.2658,3155.9903,42686728000
2024-05-21,3164.6826,3157.9657,3165.2237,3148.342,33578357200
2024-05-22,3157.1889,3158.5399,3166.9191,3152.457,35409808200
2024-05-23,3149.8752,3116.387,3150.6282,3110.2773,35394372700
2024-05-24,3110.7533,3088.8705,3130.4245,3087.7941,30653227900
2024-05-27,3094.14,3124.0427,3125.5064,3091.9893,31939676500
2024-05-28,3122.3877,3109.5721,3130.3103,3106.3645,31006697400
2024-05-29,3108.0267,3111.0176,3128.1365,3100.9797,28997034600
2024-05-30,3103.7078,3091.6778,3121.218,3085.3841,30238076200
2024-05-31,3094.7587,3086.8134,3107.6035,3086.8134,27607281600
2024-06-03,3085.9814,3078.4887,3097.2043,3061.2766,35756336200
2024-06-04,3071.3196,3091.1992,3095.3221,3063.5879,30928759800
2024-06-05,3086.0509,3065.4034,3092.3459,3064.7359,29054234400
2024-06-06,3069.4393,3048.7939,3077.6725,3040.8295,36986710400
2024-06-07,3053.9153,3051.2787,3065.0247,3031.0443,31634248400
2024-06-11,3042.1338,3028.0451,3043.1997,3013.8611,31048194200
2024-06-12,3025.2963,3037.4675,3042.0423,3021.3085,27945210600
2024-06-13,3038.0859,3028.9187,3040.4021,3022.8224,29786246300
2024-06-14,3020.9588,3032.6333,3037.9046,3011.5773,34874675300
2024-06-17,3017.7169,3015.8907,3026.6242,3012.0452,29576344800
2024-06-18,3015.0713,3030.2464,3031.9758,3012.5234,27362599900
2024-06-19,3029.0993,3018.0491,3030.2259,3015.3263,26129624800
2024-06-20,3015.7224,3005.4369,3028.5143,3001.7677,29551590700
2024-06-21,2998.2413,2998.1377,3011.9141,2985.9291,25500125100
2024-06-24,2982.8263,2963.0989,2990.6429,2960.1267,29865388400
2024-06-25,2962.7654,2949.9963,2971.6534,2935.5382,27320993800
2024-06-26,2943.4471,2972.5251,2976.669,2933.3304,28238840900
2024-06-27,2962.6964,2945.8524,2963.0644,2944.8979,27054851900
2024-06-28,2940.3032,2967.4028,2985.4679,2939.984,31520143200
2024-07-01,2965.2452,2994.7303,2996.4086,2961.8556,29778223500
2024-07-02,2992.8556,2997.0111,3004.987,2989.4701,28136468300
2024-07-03,2995.6642,2982.3756,2998.5369,2978.0686,24628464200
2024-07-04,2984.8303,2957.567,2995.5695,2955.2895,27426878900
2024-07-05,2954.3723,2949.9333,2957.1069,2920.2046,27232455600
2024-07-08,2939.8367,2922.4498,2947.61,2917.2322,27753342400
2024-07-09,2919.5729,2959.3724,2963.7822,2904.0389,31506203100
2024-07-10,2949.0261,2939.3636,2958.8594,2935.3304,30154945600
2024-07-11,2957.2502,2970.3874,2971.3608,2947.4027,32837242400
2024-07-12,2965.6121,2971.295,2977.1417,2963.3033,30371301400
2024-07-15,2963.8472,2974.0107,2977.3126,2959.1288,26899259700
2024-07-16,2963.9001,2976.3043,2977.3613,2959.6655,26078363000
2024-07-17,2970.8081,2962.8549,2972.7949,2957.948,28230799100
2024-07-18,2951.1434,2977.1334,2978.0919,2937.9045,27802266500
2024-07-19,2963.5144,2982.3086,2986.2425,2955.1199,28093241300
2024-07-22,2978.1932,2964.2155,2978.6007,2946.5608,27874955900
2024-07-23,2960.5004,2915.3685,2960.5004,2915.3682,29629599400
2024-07-24,2909.1521,2901.9518,2922.0298,2894.2885,30611885300
2024-07-25,2891.8918,2886.7416,2897.7674,2872.8497,27463950000
2024-07-26,2885.9953,2890.8973,2899.1162,2875.3959,27838753600
2024-07-29,2889.4726,2891.8453,2898.9512,2878.5825,25689972700
2024-07-30,2885.2152,2879.2996,2885.2152,2865.1493,26247883700
2024-07-31,2877.5409,2938.7493,2940.5927,2876.3009,41272341700
2024-08-01,2940.12,2932.3871,2947.8768,2928.8262,34662113700
2024-08-02,2913.0198,2905.3375,2931.2593,2902.7202,31220503900
2024-08-05,2889.3634,2860.6978,2919.0252,2860.6978,35554057200
2024-08-06,2878.6508,2867.2837,2888.2009,2845.335,29730080300
2024-08-07,2864.0101,2869.8338,2886.9417,2857.7247,26309715000
2024-08-08,2864.758,2869.9014,2886.3994,2850.8745,28912863200
2024-08-09,2879.8726,2862.1941,2887.8489,2862.1941,28425391600
2024-08-12,2858.8946,2858.2046,2869.2688,2851.2952,24424137100
2024-08-13,2860.4099,2867.946,2867.946,2845.3099,23167460100
2024-08-14,2866.2434,2850.6539,2866.2434,2850.401,21788517000
2024-08-15,2844.2005,2877.3579,2889.0866,2839.3875,27190000000
2024-08-16,2877.9403,2879.4298,2888.6753,2873.0601,26365344100
2024-08-19,2877.9542,2893.6738,2905.1547,2877.7709,26168773000
2024-08-20,2895.5506,2866.661,2896.5194,2855.3293,26365800200
2024-08-21,2858.9388,2856.5839,2863.891,2848.1509,22920002700
2024-08-22,2856.2001,2848.7718,2861.6071,2845.5024,24539941500
2024-08-23,2844.7703,2854.3675,2860.7327,2839.3371,22669256500
2024-08-26,2855.4741,2855.5203,2860.6545,2844.3828,22735152300
2024-08-27,2850.8773,2848.7312,2853.7804,2843.1576,23069300600
2024-08-28,2844.3269,2837.4293,2852.5621,2830.9615,22873062300
2024-08-29,2829.4506,2823.106,2831.4309,2815.3829,27751053400
2024-08-30,2819.6498,2842.2142,2867.9649,2817.0141,39751697500
2024-09-02,2832.3499,2811.035,2839.2784,2810.3739,34071419300
2024-09-03,2809.1733,2802.9787,2814.903,2794.9111,27573613900
2024-09-04,2786.5046,2784.2783,2800.6065,2781.9352,25745350000
2024-09-05,2785.2635,2788.3141,2796.0186,2777.471,24204094800
2024-09-06,2791.7645,2765.8066,2804.0932,2765.6394,25364537500
2024-09-09,2754.7237,2736.4876,2756.556,2726.9667,26146884700
2024-09-10,2737.881,2744.1921,2750.1181,2718.6273,26215901500
2024-09-11,2732.7314,2721.7952,2732.7314,2710.6208,24226490000
2024-09-12,2722.1382,2717.1231,2734.6832,2716.5552,24008431500
2024-09-13,2718.9864,2704.0896,2728.7797,2703.3689,25127003800
2024-09-18,2705.3451,2717.2813,2724.1141,2689.6952,24781713200
2024-09-19,2723.2053,2736.0222,2747.7402,2697.7756,31520838900
2024-09-20,2734.2277,2736.8139,2741.1552,2717.9451,28564462700
2024-09-23,2735.3895,2748.9177,2760.4799,2731.3571,25764215400
2024-09-24,2770.7543,2863.1255,2863.1519,2761.3717,47761954500
2024-09-25,2901.4185,2896.3057,2952.4511,2889.048,56825981600
2024-09-26,2893.7451,3000.9526,3000.9526,2889.0143,57631926100
2024-09-27,3049.1026,3087.5286,3087.5286,3017.4453,49228716300
2024-09-30,3194.7224,3336.4974,3358.5883,3153.697,110233791700
2024-10-08,3674.4048,3489.7751,3674.4048,3372.1868,131346019500
2024-10-09,3427.2199,3258.8578,3437.1571,3249.1591,99275725600
2024-10-10,3277.6916,3301.9259,3379.8053,3228.1248,83450025700
2024-10-11,3287.8727,3217.7377,3297.7517,3187.9882,60602743300
2024-10-14,3241.4275,3284.3225,3294.6199,3203.901,63146685900
2024-10-15,3265.7461,3201.2919,3285.2147,3201.2919,56605455800
2024-10-16,3169.1685,3202.948,3236.848,3167.7364,51581399700
2024-10-17,3220.7334,3169.3843,3241.5675,3169.3843,52861177200
2024-10-18,3165.9745,3261.5633,3313.9784,3152.8213,69301462300
2024-10-21,3276.0598,3268.11,3300.664,3239.0965,66815029900
2024-10-22,3263.8224,3285.8669,3294.9612,3255.1375,57491378100
2024-10-23,3285.2474,3302.8028,3331.0823,3277.0663,65044412800
2024-10-24,3287.8243,3280.2625,3292.9448,3266.8823,51982707400
2024-10-25,3280.7616,3299.7003,3319.3571,3276.1303,59565170700
2024-10-28,3300.4634,3322.1975,3322.1975,3279.715,67237313100
2024-10-29,3328.0885,3286.407,3340.4584,3284.2108,72532615400
2024-10-30,3273.6421,3266.2378,3291.6795,3244.8063,66901809000
2024-10-31,3267.975,3279.8244,3295.7421,3252.3899,78464909400
2024-11-01,3275.5768,3272.0142,3305.3181,3258.7346,85205532000
2024-11-04,3275.6787,3310.2072,3310.2072,3263.8421,66507745400
2024-11-05,3306.8098,3386.9869,3386.9869,3302.0472,82112490200
2024-11-06,3395.2217,3383.8062,3420.9986,3367.0812,89585593000
2024-11-07,3359.9851,3470.6609,3470.6609,3356.258,95955668000
2024-11-08,3502.1331,3452.2971,3509.8182,3443.193,96403456200
2024-11-11,3432.3672,3470.0657,3471.1222,3416.7266,81802543600
2024-11-12,3469.8908,3421.9701,3489.4244,3402.0422,81792652400
2024-11-13,3406.9164,3439.2778,3442.2983,3404.5254,67366234800
2024-11-14,3429.5054,3379.8389,3441.7746,3376.1528,63155669000
2024-11-15,3369.8092,3330.7263,3391.3204,3330.7263,63028558300
2024-11-18,3344.6904,3323.8486,3386.9031,3309.0076,74395069200
2024-11-19,3324.8831,3346.0098,3346.7577,3284.133,62502415100
2024-11-20,3337.6778,3367.9893,3375.2482,3333.0023,56615428900
2024-11-21,3362.9444,3370.4039,3378.5175,3348.8552,53033183000
2024-11-22,3368.043,3267.1916,3372.0034,3267.1916,63068779000
2024-11-25,3274.884,3263.7597,3285.4555,3232.9178,53889739000
2024-11-26,3256.8576,3259.7572,3285.3281,3252.8661,47221930400
2024-11-27,3250.591,3309.7789,3309.8805,3227.3553,51120230300
2024-11-28,3308.2797,3295.6983,3319.2559,3290.3641,51195304700
2024-11-29,3295.2096,3326.4557,3357.5013,3293.6899,58022710200
2024-12-02,3328.482,3363.9823,3369.3032,3323.0091,66847776200
2024-12-03,3366.2853,3378.8063,3386.6176,3348.3742,66303013900
2024-12-04,3376.5715,3364.6498,3388.0241,3352.9434,62102886200
2024-12-05,3353.0573,3368.8553,3377.055,3353.0573,54388574600
2024-12-06,3370.9405,3404.0764,3418.2608,3364.2061,69818657200
2024-12-09,3402.6288,3402.5343,3426.6451,3385.9588,69490520500
2024-12-10,3490.2892,3422.6607,3494.8669,3417.7654,79466803400
2024-12-11,3416.0874,3432.4902,3437.8103,3416.0874,68154461000
2024-12-12,3432.2786,3461.4998,3464.1162,3425.9755,70009668900
2024-12-13,3442.9259,3391.8782,3442.9259,3390.7537,77746414400
2024-12-16,3390.083,3386.3312,3401.9263,3376.5358,62557899600
2024-12-17,3381.8141,3361.485,3396.2074,3357.7694,56894150500
2024-12-18,3371.2955,3382.2081,3396.4603,3371.2955,51252497900
2024-12-19,3355.9041,3370.0331,3377.5321,3346.469,51390906300
2024-12-20,3364.481,3368.0693,3390.6182,3362.8193,49096462100
2024-12-23,3367.9037,3351.2571,3384.9918,3348.277,55674724800
2024-12-24,3353.5354,3393.5281,3394.9044,3352.9474,47199267300
2024-12-25,3395.1072,3393.3501,3406.2125,3374.0113,47131559200
2024-12-26,3389.3383,3398.0765,3401.0951,3380.255,42217727100
2024-12-27,3397.2939,3400.142,3418.952,3388.3215,50048813000
2024-12-30,3395.3962,3407.3259,3412.8414,3394.9648,45526238300
2024-12-31,3406.9652,3351.763,3413.4545,3351.763,50273106200
2025-01-02,3347.9392,3262.5607,3351.722,3242.0865,56137519900
2025-01-03,3267.0766,3211.4299,3273.5656,3205.7755,51759201400
2025-01-06,3209.7832,3206.9228,3219.4877,3185.4631,43097840300
2025-01-07,3203.3068,3229.6439,3230.8529,3190.4612,40966052900
2025-01-08,3218.8577,3230.1679,3246.2908,3175.7247,47286439000
2025-01-09,3220.7205,3211.3933,3228.9725,3205.9103,38294355700
2025-01-10,3211.7068,3168.5238,3220.1073,3168.5238,40366334800
2025-01-13,3148.8259,3160.755,3172.7,3140.9775,37274202300
2025-01-14,3165.1613,3240.94,3245.2196,3159.432,46921270400
2025-01-15,3234.7152,3227.1167,3245.9042,3222.2359,40472319900
2025-01-16,3239.0261,3236.032,3265.2824,3217.0966,43065553900
2025-01-17,3226.7616,3241.8212,3256.5067,3219.7734,38359926000
2025-01-20,3256.1492,3244.3776,3268.2626,3238.1214,40333794800
2025-01-21,3256.8325,3242.6226,3258.6103,3229.0689,38458371800
2025-01-22,3235.4925,3213.6237,3235.5013,3203.3801,36481751800
2025-01-23,3237.5988,3230.1637,3273.5203,3229.5716,45824680300
2025-01-24,3222.8774,3252.6264,3260.0112,3221.7121,39865303300
2025-01-27,3256.6136,3250.6007,3274.3924,3250.6007,38746764200
2025-02-05,3270.1604,3229.4876,3271.022,3220.2794,40638818100
2025-02-06,3226.575,3270.6594,3271.4271,3225.8459,46084273000
2025-02-07,3269.2269,3303.6666,3324.428,3262.5085,60055845100
2025-02-10,3308.04,3322.1698,3325.3558,3299.2429,54658974900
2025-02-11,3323.6694,3318.0569,3324.1727,3304.4443,51194354100
2025-02-12,3312.2572,3346.3854,3346.3854,3310.3904,51343782800
2025-02-13,3343.2347,3332.4826,3359.1807,3332.4826,56863116100
2025-02-14,3328.483,3346.7242,3349.0836,3322.5289,53233296500
2025-02-17,3355.4171,3355.8296,3357.1212,3333.1948,58954656900
2025-02-18,3348.9827,3324.4906,3366.0119,3314.3006,56267924000
2025-02-19,3320.7801,3351.5392,3352.0867,3320.5809,50291296500
2025-02-20,3347.5893,3350.7833,3355.5571,3338.0335,50435711400
2025-02-21,3356.6947,3379.1128,3381.0575,3339.0256,60819020600
2025-02-24,3374.0813,3373.0276,3384.8106,3355.8694,59818820300
2025-02-25,3345.6534,3346.0398,3369.5583,3337.8448,52757856200
2025-02-26,3351.2093,3380.2144,3380.2144,3351.2093,55399203100
2025-02-27,3378.4494,3388.0622,3388.7808,3353.5712,57581502000
2025-02-28,3374.6636,3320.8973,3383.1909,3318.7162,56831950400
2025-03-03,3328.3955,3316.9253,3349.0169,3304.5931,50241786200
2025-03-04,3300.498,3324.2099,3327.8242,3297.5304,42999611100
2025-03-05,3324.6962,3341.9649,3342.7143,3314.1478,46095269600
2025-03-06,3353.5703,3381.0983,3387.0538,3348.684,53999270900
2025-03-07,3373.1808,3372.5458,3390.9442,3363.9288,51766355100
2025-03-10,3373.2588,3366.163,3375.7978,3347.1859,45038083200
2025-03-11,3335.4394,3379.8284,3379.8287,3334.8313,44846832300
2025-03-12,3385.6853,3371.9235,3392.4086,3370.2204,50219510000
2025-03-13,3371.0945,3358.7285,3377.1183,3341.1182,51901347900
2025-03-14,3361.6861,3419.5616,3421.2333,3360.6063,58266338800
2025-03-17,3430.8093,3426.1285,3436.3516,3422.4618,51568513800
2025-03-18,3434.5653,3429.7593,3437.0654,3423.3005,45491606300
2025-03-19,3424.1726,3426.4291,3439.0463,3414.5933,44031629900
2025-03-20,3425.2157,3408.9482,3427.0454,3404.662,45163068200
2025-03-21,3401.7593,3364.8307,3414.7094,3355.8396,52086263000
2025-03-24,3364.8342,3370.0283,3373.6936,3340.2383,51331026000
2025-03-25,3370.0008,3369.9763,3379.9884,3361.0462,45635739300
2025-03-26,3365.6658,3368.6973,3382.3424,3365.6658,42853377000
2025-03-27,3362.7123,3373.7489,3394.0349,3351.1739,41477631400
2025-03-28,3372.0388,3351.3068,3375.0528,3346.0807,41228428900
2025-03-31,3343.3442,3335.7462,3361.7415,3317.7381,47257197800
2025-04-01,3340.7121,3348.4351,3357.6215,3338.7788,42258867000
2025-04-02,3344.1711,3350.1266,3361.134,3343.1155,35012736400
2025-04-03,3319.6057,3342.0077,3358.4256,3319.6057,40051782700
2025-04-07,3193.1024,3096.5762,3217.7818,3040.6932,66219958400
2025-04-08,3094.2619,3145.5491,3145.5491,3085.1229,66224238700
2025-04-09,3110.0101,3186.8099,3186.8099,3070.0778,68479717400
2025-04-10,3227.8362,3223.6379,3239.9408,3201.5714,59120827300
2025-04-11,3219.5053,3238.2268,3249.8536,3211.3497,47553180400
2025-04-14,3251.9779,3262.8075,3272.7203,3244.7327,47137322000
2025-04-15,3260.685,3267.6623,3268.9848,3246.3369,39666289500
2025-04-16,3267.665,3276.0039,3276.0045,3233.7911,42953485400
2025-04-17,3261.7177,3280.3412,3285.9154,3258.1451,38201269800
2025-04-18,3270.3534,3276.7304,3283.0896,3262.3916,35883619300
2025-04-21,3273.1383,3291.4341,3298.6398,3270.0131,37930758800
2025-04-22,3289.1664,3299.7571,3311.1529,3288.3316,40316761500
2025-04-23,3308.1514,3296.3552,3312.1923,3293.0633,41163321200
2025-04-24,3295.1487,3297.2881,3313.5087,3286.2363,39284474900
2025-04-25,3300.3916,3295.06,3305.2618,3288.7545,41104319200
2025-04-28,3292.0559,3288.4147,3296.9318,3279.8773,41066586300
2025-04-29,3281.4453,3286.6548,3294.9815,3277.6271,38896167200
2025-04-30,3284.0812,3279.0314,3292.2002,3277.5499,43579433500
2025-05-06,3295.2504,3316.1135,3316.4476,3286.9886,47436961700
2025-05-07,3354.9737,3342.6651,3356.6884,3324.8088,51115960600
2025-05-08,3331.2052,3351.9958,3359.7309,3327.9024,42837776600
2025-05-09,3350.405,3341.9989,3351.2198,3335.127,39890919100
2025-05-12,3352.9698,3369.2445,3372.4724,3344.2687,41823991000
2025-05-13,3386.2344,3374.8707,3386.2344,3370.2516,42624070000
2025-05-14,3374.2353,3403.9481,3417.3142,3368.0781,46493444100
2025-05-15,3398.4272,3380.8214,3402.8656,3378.0208,42410091600
2025-05-16,3374.7061,3367.4619,3380.29,3356.6609,39540103000
2025-05-19,3365.8823,3367.5829,3373.5994,3356.6483,40307480500
2025-05-20,3371.6886,3380.478,3387.804,3369.9629,40554453400
2025-05-21,3380.2094,3387.5736,3394.7541,3380.2094,41249616500
2025-05-22,3381.865,3380.1885,3390.5925,3376.2331,39421720600
2025-05-23,3376.8691,3348.3717,3389.4686,3348.3717,40022700400
2025-05-26,3346.561,3346.8388,3362.307,3336.3552,34756210100
2025-05-27,3346.5029,3340.687,3351.5718,3332.4895,34407115700
2025-05-28,3341.8518,3339.9319,3348.234,3336.7273,34155544300
2025-05-29,3340.4012,3363.4455,3368.6334,3337.415,39323380600
2025-05-30,3358.8093,3347.4873,3361.2751,3341.6484,38560217000
2025-06-03,3340.0666,3361.9755,3366.9974,3340.0666,39806077200
2025-06-04,3363.391,3376.2029,3379.6401,3363.391,38649464300
2025-06-05,3378.2169,3384.0985,3387.7645,3371.1457,40625209300
2025-06-06,3384.2949,3385.3579,3391.451,3379.7641,38012288600
2025-06-09,3388.7783,3399.7716,3402.0503,3383.0742,42734794700
2025-06-10,3402.013,3384.8163,3406.4515,3365.6674,48161856800
2025-06-11,3385.4568,3402.3159,3413.5132,3385.4568,42409031300
2025-06-12,3397.972,3402.658,3408.2049,3388.8657,40949061000
2025-06-13,3397.4844,3376.996,3401.5526,3370.5924,51006522100
2025-06-16,3369.3661,3388.7293,3389.7563,3368.8764,40538327800
2025-06-17,3388.1801,3387.4049,3393.3127,3376.4201,39001244700
2025-06-18,3386.136,3388.8086,3391.7087,3369.9859,37868489100
2025-06-19,3384.2932,3362.1082,3386.9194,3353.9355,41532765500
2025-06-20,3358.9128,3359.8954,3370.7984,3357.7061,35022366200
2025-06-23,3349.4603,3381.5816,3389.4524,3347.6508,38456139700
2025-06-24,3380.08,3420.566,3423.7835,3380.08,46096380000
2025-06-25,3419.0914,3455.9736,3459.0093,3417.4105,50938406400
2025-06-26,3451.7193,3448.4534,3462.752,3446.1855,49654107700
2025-06-27,3450.6863,3424.2267,3462.6273,3421.0403,52312943200
2025-06-30,3423.4738,3444.4256,3447.46,3420.1118,45734804900
2025-07-01,3445.8457,3457.7474,3459.5866,3441.0379,44435673900
2025-07-02,3458.171,3454.7924,3461.328,3447.9557,49811677600
2025-07-03,3456.1519,3461.1506,3463.6198,3446.9739,43854346500
2025-07-04,3459.5924,3472.3192,3497.2248,3455.4938,50019521000
2025-07-07,3467.9849,3473.1271,3474.8007,3462.7923,43663134000
2025-07-08,3474.6316,3497.4753,3499.8857,3474.6316,49348477300
2025-07-09,3498.724,3493.0495,3512.6687,3491.2007,52392008800
2025-07-10,3491.4973,3509.6818,3526.5899,3491.4973,56415980500
2025-07-11,3511.3656,3510.1772,3555.2179,3506.7994,66418524900
2025-07-14,3513.2515,3519.6498,3532.1183,3513.2515,57208470500
2025-07-15,3519.8052,3504.9988,3527.0379,3483.3798,57207472600
2025-07-16,3502.8987,3503.7769,3511.8058,3489.1368,47087857800
2025-07-17,3500.3715,3516.8255,3517.2847,3499.1856,47221105600
2025-07-18,3519.4752,3534.4827,3536.0143,3518.2313,49348408800
2025-07-21,3542.8164,3559.7912,3560.6285,3542.5677,63364973600
2025-07-22,3561.6316,3581.8611,3584.7185,3547.252,71615523000
2025-07-23,3588.8777,3582.298,3613.0223,3577.5942,76767238800
2025-07-24,3578.9121,3605.7269,3608.7278,3577.1131,77326583500
2025-07-25,3604.4505,3593.6553,3610.0287,3586.22,69718954900
2025-07-28,3594.2313,3597.9369,3606.2742,3582.1489,59418787700
2025-07-29,3595.8099,3609.7113,3611.3532,3585.9435,61064205800
2025-07-30,3608.354,3615.7167,3636.1664,3593.7338,63722191600
2025-07-31,3604.6959,3573.2082,3606.3744,3562.6072,65450934900
2025-08-01,3568.2608,3559.9518,3581.7457,3550.0434,50956308000
2025-08-04,3547.1629,3583.3088,3583.3088,3547.1629,45857361800
2025-08-05,3588.8077,3617.5976,3617.5976,3586.9686,49979778000
2025-08-06,3615.808,3633.9949,3634.3135,3613.9894,51246727300
2025-08-07,3637.7811,3639.6666,3645.117,3622.5224,53550120200
2025-08-08,3634.8546,3635.1281,3645.3667,3625.4508,52640757200
2025-08-11,3637.0534,3647.5467,3656.8517,3629.6267,55139334800
2025-08-12,3647.9625,3665.9177,3669.0384,3647.9625,53662373900
2025-08-13,3668.6581,3683.4648,3688.6276,3666.5468,61352888400
2025-08-14,3685.5223,3666.4426,3704.7715,3662.5695,64782958700
2025-08-15,3659.8146,3696.7705,3702.2553,3658.3762,67852170300
2025-08-18,3712.4952,3728.0273,3745.939,3702.3802,77601666900
2025-08-19,3728.4851,3727.2879,3746.669,3718.1467,69609975000
2025-08-20,3716.6847,3766.2104,3767.43,3704.9912,67983642600
2025-08-21,3770.6757,3771.0989,3787.9806,3757.9918,69155295900
2025-08-22,3772.2769,3825.7592,3825.7592,3772.2769,69813627700
2025-08-25,3848.1629,3883.5617,3883.5617,3839.9724,88547480200
2025-08-26,3871.471,3868.382,3888.5985,3859.7575,73456530500
2025-08-27,3869.6116,3800.3499,3887.198,3800.3499,85863349900
2025-08-28,3796.7112,3843.5974,3845.0871,3761.4221,78835194700
2025-08-29,3842.8234,3857.9274,3867.6058,3839.2059,73946236600
2025-09-01,3869.7457,3875.5304,3879.0453,3853.6584,74770953600
2025-09-02,3877.0858,3858.1334,3885.3145,3828.6775,76261883300
2025-09-03,3865.286,3813.5566,3868.3877,3794.8837,64566851000
2025-09-04,3807.7571,3765.8759,3808.3955,3732.8404,71022793300
2025-09-05,3761.8801,3812.5143,3817.1589,3745.3091,62622338000
2025-09-08,3811.6692,3826.8407,3833.143,3803.6033,66006689800
2025-09-09,3816.6574,3807.2923,3834.671,3791.7243,60023938000
2025-09-10,3806.5842,3812.2212,3826.9959,3794.0574,53453982500
2025-09-11,3806.0564,3875.3094,3875.3094,3796.4345,61701293000
2025-09-12,3875.5072,3870.5984,3892.7375,3866.5388,70064178400
2025-09-15,3876.0974,3860.5036,3879.7365,3855.9725,64479394400
2025-09-16,3865.9801,3861.8651,3876.6901,3838.6483,67343972300
2025-09-17,3854.0726,3876.3409,3882.6687,3848.9455,66343471300
2025-09-18,3876.0592,3831.6562,3899.9594,3800.9953,87602738900
2025-09-19,3830.4437,3820.0894,3843.1696,3811.9029,68229261300
2025-09-22,3822.0096,3828.5764,3831.7404,3806.2016,56832568600
2025-09-23,3830.1379,3821.8327,3838.6059,3774.5282,70190286800
2025-09-24,3804.4833,3853.6422,3854.923,3804.3279,60205667000
2025-09-25,3852.431,3853.3021,3866.1058,3840.459,58995053100
2025-09-26,3839.8553,3828.106,3856.6062,3828.106,55127533500
2025-09-29,3828.1656,3862.5317,3881.0023,3809.5352,60846639900
2025-09-30,3869.7046,3882.7774,3887.57,3866.2808,56973463100
2025-10-09,3898.307,3933.9724,3936.5761,3885.7437,72521850100
2025-10-10,3915.4752,3897.0281,3933.0053,3886.305,71891767300
2025-10-13,3800.1055,3889.5022,3895.83,3800.1055,70950610100
2025-10-14,3910.7825,3865.2289,3918.4357,3851.1209,80083963100
2025-10-15,3867.5364,3912.2095,3912.2912,3857.6668,64501295500
2025-10-16,3900.6834,3916.228,3931.05,3899.1673,59545149100
2025-10-17,3912.0403,3839.7553,3921.0648,3835.3648,61756301800
2025-10-20,3865.5523,3863.8926,3877.7215,3850.3673,54926171200
2025-10-21,3870.7488,3916.3322,3919.3183,3868.1453,59941571300
2025-10-22,3896.0736,3913.7576,3918.5924,3893.325,54311734400
2025-10-23,3904.159,3922.4101,3926.2171,3877.5294,56518926400
2025-10-24,3929.115,3950.3115,3950.3115,3928.9598,56785844300
2025-10-27,3969.2197,3996.9445,3999.0667,3963.1017,63758954500
2025-10-28,3986.8912,3988.2239,4010.7275,3976.8326,57735768400
2025-10-29,3990.2655,4016.331,4016.331,3986.9414,61291746600
2025-10-30,4007.8207,3986.9008,4025.7048,3984.8284,66848560900
2025-10-31,3985.0641,3954.79,3986.7433,3951.7308,67561540600
2025-11-03,3954.0783,3976.5207,3977.3051,3937.0215,64124594500
2025-11-04,3973.4575,3960.186,3985.8822,3938.5197,61549379200
2025-11-05,3922.5844,3969.2483,3979.7537,3922.5844,61499161800
2025-11-06,3973.3493,4007.7599,4008.7991,3973.3493,62736754700
2025-11-07,3994.3167,3997.5557,4012.0054,3993.691,59650703400
2025-11-10,4001.7939,4018.5972,4018.6958,3990.8359,63404999300
2025-11-11,4023.877,4002.7576,4024.939,3991.5156,58199492100
2025-11-12,3996.5648,4000.1396,4020.3775,3980.6756,58619322800
2025-11-13,3996.5143,4029.5012,4030.3983,3994.7712,61303106100
2025-11-14,4007.1258,3990.4921,4034.0786,3990.3074,62201711800
2025-11-17,3988.5564,3972.0348,3992.4041,3958.9484,59201795000
2025-11-18,3962.4437,3939.8131,3966.8854,3926.5885,59441104600
2025-11-19,3937.9198,3946.7424,3960.0518,3930.0745,53114960100
2025-11-20,3960.6993,3931.0512,3967.971,3927.5124,53474954000
2025-11-21,3896.6646,3834.8908,3912.0063,3834.749,63164625100
2025-11-24,3848.6565,3836.7655,3854.3305,3816.5757,50460171600
2025-11-25,3850.571,3870.0228,3882.0299,3845.1383,47872761100
2025-11-26,3867.429,3864.1844,3879.9231,3861.1769,45758975500
2025-11-27,3867.1971,3875.2594,3895.5892,3864.1311,44402194700
2025-11-28,3870.9438,3888.5962,3888.8885,3856.25,44993197300
2025-12-01,3894.2132,3914.0061,3914.4644,3890.9485,53755413300
2025-12-02,3908.4559,3897.7116,3908.7688,3888.3275,45558449400
2025-12-03,3894.1556,3877.9996,3901.696,3869.9528,48561727000
2025-12-04,3879.7417,3875.7933,3888.8595,3859.0491,44504029000
2025-12-05,3873.1207,3902.8076,3907.7816,3863.3137,50036876800
2025-12-08,3909.226,3924.0778,3936.3111,3904.7377,54734978900
2025-12-09,3916.5087,3909.5216,3923.8986,3902.1278,52453825600
2025-12-10,3901.1275,3900.496,3906.1163,3876.4745,49733150400
2025-12-11,3903.8948,3873.3176,3904.9632,3862.821,52565860000
2025-12-12,3869.4127,3889.3457,3891.8068,3850.5968,57394713000
2025-12-15,3865.4021,3867.9209,3896.9769,3863.6296,50092279000
2025-12-16,3861.5145,3824.8119,3862.4271,3815.8444,51249482700
2025-12-17,3822.5086,3870.2775,3881.7519,3817.9955,51231369200
2025-12-18,3857.2568,3876.3705,3888.2853,3856.4229,46117262500
2025-12-19,3878.227,3890.4475,3902.6708,3871.7767,51351189300
2025-12-22,3900.535,3917.3638,3920.0121,3900.5152,52293899200
2025-12-23,3919.1063,3919.9786,3937.127,3910.7449,52115695200
2025-12-24,3920.3466,3940.947,3947.0408,3912.3107,47489644700
2025-12-25,3937.7196,3959.6211,3964.0733,3936.0782,46931309300
2025-12-26,3957.8326,3963.6789,3977.7062,3945.5238,55548959200
2025-12-29,3964.6513,3965.2796,3983.9787,3956.9455,56368719700
2025-12-30,3947.8707,3965.1159,3979.9901,3947.4187,52593258800
2025-12-31,3968.7256,3968.8401,3977.5358,3955.4871,49075149000
2026-01-05,3986.9721,4023.4167,4025.2632,3983.5759,59695045500
2026-01-06,4026.0158,4083.6672,4083.6672,4025.088,70247227000
2026-01-07,4083.843,4085.7723,4098.7771,4069.4358,68338435200
2026-01-08,4077.715,4082.9788,4093.8718,4067.1216,66613133700
2026-01-09,4086.7624,4120.426,4121.7226,4083.6155,72983798500
2026-01-12,4134.893,4165.287,4168.3569,4119.8793,83945608900
2026-01-13,4169.7041,4138.7585,4179.702,4126.2343,86838271700
2026-01-14,4138.6454,4126.0932,4190.8663,4103.6205,95255128900
2026-01-15,4106.2241,4112.6012,4133.0726,4096.8496,68025079100
2026-01-16,4127.0632,4101.9127,4140.2251,4091.8106,76358846500
2026-01-19,4090.7185,4114.0001,4126.5175,4090.0567,68890587000
2026-01-20,4116.3659,4113.649,4128.9304,4080.2938,73436249600
2026-01-21,4103.5291,4116.94,4135.9585,4103.5291,66698950700
2026-01-22,4126.0717,4122.576,4140.8378,4109.9232,70969540900
2026-01-23,4130.1076,4136.1642,4143.7498,4120.204,78211545400
2026-01-26,4144.7782,4132.6052,4160.9852,4124.7004,88743973100
2026-01-27,4125.2155,4139.9041,4158.8019,4101.8299,75499086900
2026-01-28,4150.2152,4151.2378,4170.1468,4138.0188,82302674800
2026-01-29,4155.9185,4157.9845,4170.2138,4138.2992,90590837100
2026-01-30,4131.9929,4117.9476,4152.8501,4064.7769,80434274600
2026-02-02,4079.7075,4015.7464,4103.4073,4013.6557,73295369800
2026-02-03,4043.9061,4067.7379,4069.4179,4002.782,63768424900
2026-02-04,4064.6772,4102.202,4104.6207,4062.6825,67425424400
2026-02-05,4075.0254,4075.9167,4088.9041,4048.939,59672223600
2026-02-06,4040.2992,4065.5834,4095.0303,4029.9731,55670980100
2026-02-09,4103.5396,4123.0897,4123.1587,4093.0561,57263258200
2026-02-10,4127.7658,4128.3731,4134.3382,4117.5635,52462096900
2026-02-11,4124.4277,4131.985,4142.5612,4122.4283,50068527800
2026-02-12,4136.99,4134.0178,4140.5931,4124.1308,52937011600
2026-02-13,4115.9243,4082.0726,4123.8443,4079.7702,50079947200
2026-02-24,4129.1338,4117.4089,4131.5499,4105.9369,56632224900
2026-02-25,4123.7808,4147.2305,4167.8438,4122.6987,72478721400
2026-02-26,4151.068,4146.6311,4152.1926,4127.1531,65170282600
2026-02-27,4128.8974,4162.8815,4166.2344,4128.36,68204764600
2026-03-02,4151.8011,4182.5909,4188.7702,4131.3676,86157921800
2026-03-03,4189.4079,4122.676,4197.228,4116.011,92113917000
2026-03-04,4087.632,4082.474,4106.0397,4055.4125,76516953100
2026-03-05,4109.777,4108.567,4125.6166,4090.6213,68974653500
2026-03-06,4085.8954,4124.194,4129.4647,4085.8954,64676576000
2026-03-09,4098.6987,4096.6023,4106.5336,4052.5454,79780355600
2026-03-10,4098.5869,4123.138,4123.9578,4098.5869,67492219400
2026-03-11,4123.6663,4133.4331,4135.8392,4112.7998,70772716900
2026-03-12,4133.1996,4129.1026,4141.6488,4103.1636,78615118200
2026-03-13,4117.5738,4095.4485,4134.0794,4086.8469,79205476400
2026-03-16,4092.2491,4084.7858,4096.1333,4048.0866,73222709800
2026-03-17,4086.2953,4049.9073,4108.4,4049.5801,67877122400
2026-03-18,4053.3052,4062.9844,4065.3734,4023.0295,62387310200
2026-03-19,4028.542,4006.5523,4042.0221,3994.1651,66725542200
2026-03-20,4004.5732,3957.0527,4022.7033,3955.7113,66679838700
2026-03-23,3904.9513,3813.2829,3906.622,3794.6844,80473885000
2026-03-24,3849.6312,3881.2797,3881.4236,3807.9937,68062203900
2026-03-25,3892.269,3931.8375,3933.0613,3891.8159,68834362600
2026-03-26,3924.9621,3889.0835,3937.1041,3880.5729,61597398100
2026-03-27,3852.0936,3913.7238,3924.1075,3852.0936,56134296300
2026-03-30,3884.2769,3923.2869,3924.2893,3872.7756,59558947900
2026-03-31,3924.067,3891.8605,3948.8107,3891.8605,60670498300
2026-04-01,3939.5658,3948.5521,3955.943,3929.9213,56461159800
2026-04-02,3940.7989,3919.2852,3952.5761,3900.1164,54421283500
2026-04-03,3927.5923,3880.0967,3929.5285,3871.3004,49269908200
2026-04-07,3884.1505,3890.1645,3902.6065,3875.6843,47361507600
2026-04-08,3930.2507,3994.9975,3994.9975,3926.2489,64413535200
2026-04-09,3967.6296,3966.1712,3979.1271,3955.2458,54156980100
2026-04-10,3985.464,3986.2247,4011.0243,3979.814,54641554100
2026-04-13,3971.1985,3988.558,3991.2622,3966.1981,54578176800
2026-04-14,4006.7267,4026.6256,4026.6256,3992.4071,57025900300
2026-04-15,4039.4711,4027.2095,4050.6208,4020.9039,56945858900
2026-04-16,4030.1378,4055.5468,4057.8314,4028.9086,54587696700
2026-04-17,4043.3813,4051.4254,4058.6041,4038.4287,54879140600
2026-04-20,4053.3745,4082.1271,4083.1902,4051.685,58984137900
2026-04-21,4075.8454,4085.0766,4086.6369,4062.1326,57668945000
2026-04-22,4074.8131,4106.2581,4106.8441,4074.6796,58246634600
2026-04-23,4110.7883,4093.2501,4114.8443,4070.4598,67116609200
2026-04-24,4081.0326,4079.9004,4092.6131,4061.1453,60503179800
2026-04-27,4074.8109,4086.3442,4092.8305,4071.0803,58995086700
2026-04-28,4076.1431,4078.6374,4090.2014,4062.872,60050749800
2026-04-29,4061.8221,4107.5144,4112.1518,4061.8221,61422145100
2026-04-30,4107.2974,4112.1593,4118.7552,4100.9656,65691272800
2026-05-06,4135.4505,4160.1737,4166.1469,4129.9108,70117748000
2026-05-07,4168.4467,4180.0922,4180.2099,4163.1365,68557424900
2026-05-08,4163.8537,4179.9524,4183.0631,4154.2456,69701909400
2026-05-11,4201.3465,4225.0207,4229.5795,4186.0819,76273628700
2026-05-12,4229.2833,4214.4891,4230.1839,4199.344,71898400200
2026-05-13,4192.3145,4242.572,4245.0684,4192.3145,70501873900
2026-05-14,4256.1569,4177.9175,4258.8631,4177.9175,76423500400
2026-05-15,4174.175,4135.3894,4191.8068,4114.0856,73316235700
2026-05-18,4120.1401,4131.5276,4145.6612,4108.6044,62723313700
2026-05-19,4122.9608,4169.5378,4170.2887,4107.9944,61761106700
2026-05-20,4152.6984,4162.1845,4169.8468,4139.9744,62415203500
2026-05-21,4174.3772,4077.2765,4199.5269,4074.2167,72721870100
2026-05-22,4096.1723,4112.8996,4120.0875,4067.7471,58945964400
